Наименование ГОСТа	Условное обозначение соединения	Тип соединения	Форма подготовленных кромок дет. №1	Форма подготовленных кромок дет. №2	Способ сварки	Минимальная толщина	Максимальная толщина	c, притупление	допуск на c, притупление	a, угол скоса	допуск на a, угол скоса	h, смещение притупления	b, зазор в стыке	допуск на b, зазор в стыке	n, уступ деталей	Минимальный пользовательский угол	Максимальный пользовательский угол	Тип шва	Характер выполненного шва	e, ширина большего валика	допуск на e, ширина большего валика	e1, ширина меньшего валика	допуск на e1, ширина меньшего валика	g, высота большего валика	допуск на g, высота большего валика	g1, высота меньшего валика	допуск на g1, высота большего валика	Зависимость параметров шва от толщины
8713-79	С38	Стыковое	С_двумя_симметричными_скосами	С_двумя_симметричными_скосами	АФф	18	25	6	1	30	3	0	2	+2;-1	0	0	0	Параметрический	Двухсторонний_симметричный	24	4	0	0	2,5	+1;-2	0	0	Не_зависят
8713-79	С38	Стыковое	С_двумя_симметричными_скосами	С_двумя_симметричными_скосами	АФф	25	40	6	1	30	3	0	2	+2;-1	0	0	0	Параметрический	Двухсторонний_симметричный	32	4	0	0	2,5	+1;-2	0	0	Не_зависят
8713-79	С38	Стыковое	С_двумя_симметричными_скосами	С_двумя_симметричными_скосами	АФф	40	50	6	1	30	3	0	2	+2;-1	0	0	0	Параметрический	Двухсторонний_симметричный	38	4	0	0	2,5	+1;-2	0	0	Не_зависят
8713-79	С38	Стыковое	С_двумя_симметричными_скосами	С_двумя_симметричными_скосами	АФф	50	60	6	1	30	3	0	2	+2;-1	0	0	0	Параметрический	Двухсторонний_симметричный	43	4	0	0	2,5	+1;-2	0	0	Не_зависят
14771-76	С12	Стыковое	Со_скосом_одной_кромки	Без_скоса_стыковое	ИП	3	3,5	1	1	50	2	0	1	1	0	0	0	Параметрический	Двухсторонний_не_симметричный	6	2	6	2	1	+0,5;-1	0,5	0,5	Не_зависят
14771-76	С12	Стыковое	Со_скосом_одной_кромки	Без_скоса_стыковое	ИП	3,5	4,5	1	1	50	2	0	1	1	0	0	0	Параметрический	Двухсторонний_не_симметричный	6	2	6	2	1	+0,5;-1	0,5	0,5	Не_зависят
14771-76	С12	Стыковое	Со_скосом_одной_кромки	Без_скоса_стыковое	ИП	4,5	5,5	1	1	50	2	0	1	1	0	0	0	Параметрический	Двухсторонний_не_симметричный	7	2	8	2	1	1	1	1	Не_зависят
14771-76	С12	Стыковое	Со_скосом_одной_кромки	Без_скоса_стыковое	ИП	5,5	6	1	1	50	2	0	1	1	0	0	0	Параметрический	Двухсторонний_не_симметричный	8	2	8	2	1	1	1	1	Не_зависят
14771-76	С12	Стыковое	Со_скосом_одной_кромки	Без_скоса_стыковое	ИП	6	7	1	1	50	2	0	1	1	0	0	0	Параметрический	Двухсторонний_не_симметричный	10	2	8	2	1	1	1	1	Не_зависят
14771-76	С12	Стыковое	Со_скосом_одной_кромки	Без_скоса_стыковое	ИП	7	8	1	1	50	2	0	1	1	0	0	0	Параметрический	Двухсторонний_не_симметричный	14	2	8	2	1	1	1	1	Не_зависят
14771-76	С12	Стыковое	Со_скосом_одной_кромки	Без_скоса_стыковое	ИП	8	9	1	1	50	2	0	1	1	0	0	0	Параметрический	Двухсторонний_не_симметричный	18	2	8	2	1	1	1	1	Не_зависят
14771-76	С12	Стыковое	Со_скосом_одной_кромки	Без_скоса_стыковое	ИП	9	10	1	1	50	2	0	1	1	0	0	0	Параметрический	Двухсторонний_не_симметричный	20	2	8	2	1	1	1	1	Не_зависят
14771-76	С12	Стыковое	Со_скосом_одной_кромки	Без_скоса_стыковое	ИНп	3	3,5	1	1	50	2	0	1	1	0	0	0	Параметрический	Двухсторонний_не_симметричный	6	2	6	2	1	+0,5;-1	0,5	0,5	Не_зависят
14771-76	С12	Стыковое	Со_скосом_одной_кромки	Без_скоса_стыковое	ИНп	3,5	4,5	1	1	50	2	0	1	1	0	0	0	Параметрический	Двухсторонний_не_симметричный	6	2	6	2	1	+0,5;-1	0,5	0,5	Не_зависят
14771-76	С12	Стыковое	Со_скосом_одной_кромки	Без_скоса_стыковое	ИНп	4,5	5,5	1	1	50	2	0	1	1	0	0	0	Параметрический	Двухсторонний_не_симметричный	7	2	8	2	1	1	1	1	Не_зависят
14771-76	С12	Стыковое	Со_скосом_одной_кромки	Без_скоса_стыковое	ИНп	5,5	6	1	1	50	2	0	1	1	0	0	0	Параметрический	Двухсторонний_не_симметричный	8	2	8	2	1	1	1	1	Не_зависят
14771-76	С12	Стыковое	Со_скосом_одной_кромки	Без_скоса_стыковое	ИНп	6	7	1	1	50	2	0	1	1	0	0	0	Параметрический	Двухсторонний_не_симметричный	10	2	8	2	1	1	1	1	Не_зависят
14771-76	С12	Стыковое	Со_скосом_одной_кромки	Без_скоса_стыковое	ИНп	7	8	1	1	50	2	0	1	1	0	0	0	Параметрический	Двухсторонний_не_симметричный	14	2	8	2	1	1	1	1	Не_зависят
14771-76	С12	Стыковое	Со_скосом_одной_кромки	Без_скоса_стыковое	ИНп	8	9	1	1	50	2	0	1	1	0	0	0	Параметрический	Двухсторонний_не_симметричный	18	2	8	2	1	1	1	1	Не_зависят
14771-76	С12	Стыковое	Со_скосом_одной_кромки	Без_скоса_стыковое	ИНп	9	10	1	1	50	2	0	1	1	0	0	0	Параметрический	Двухсторонний_не_симметричный	20	2	8	2	1	1	1	1	Не_зависят
14771-76	С12	Стыковое	Со_скосом_одной_кромки	Без_скоса_стыковое	УП	3	4	1	1	40	2	0	1	1	0	0	0	Параметрический	Двухсторонний_не_симметричный	6	2	8	2	1	1	2	1	Не_зависят
14771-76	С12	Стыковое	Со_скосом_одной_кромки	Без_скоса_стыковое	УП	4	7	1	1	40	2	0	1	1	0	0	0	Параметрический	Двухсторонний_не_симметричный	8	2	8	2	1	1	2	1	Не_зависят
14771-76	С12	Стыковое	Со_скосом_одной_кромки	Без_скоса_стыковое	УП	7	11	1	1	40	2	0	1	1	0	0	0	Параметрический	Двухсторонний_не_симметричный	14	2	8	2	1	1	2	1	Не_зависят
14771-76	С12	Стыковое	Со_скосом_одной_кромки	Без_скоса_стыковое	УП	11	14	2	+1;-2	40	2	0	2	+1;-2	0	0	0	Параметрический	Двухсторонний_не_симметричный	18	3	8	2	2	+1;-2	2	1	Не_зависят
14771-76	С12	Стыковое	Со_скосом_одной_кромки	Без_скоса_стыковое	УП	14	18	2	+1;-2	40	2	0	2	+1;-2	0	0	0	Параметрический	Двухсторонний_не_симметричный	22	3	8	2	2	+1;-2	2	1	Не_зависят
14771-76	С12	Стыковое	Со_скосом_одной_кромки	Без_скоса_стыковое	УП	18	22	2	+1;-2	40	2	0	2	+1;-2	0	0	0	Параметрический	Двухсторонний_не_симметричный	26	4	10	2	2	+1;-2	2	1	Не_зависят
14771-76	С12	Стыковое	Со_скосом_одной_кромки	Без_скоса_стыковое	УП	22	26	2	+1;-2	40	2	0	2	+1;-2	0	0	0	Параметрический	Двухсторонний_не_симметричный	30	4	10	2	2	+1;-2	2	1	Не_зависят
14771-76	С12	Стыковое	Со_скосом_одной_кромки	Без_скоса_стыковое	УП	26	30	2	+1;-2	40	2	0	2	+1;-2	0	0	0	Параметрический	Двухсторонний_не_симметричный	34	4	10	2	2	+1;-2	2	1	Не_зависят
14771-76	С12	Стыковое	Со_скосом_одной_кромки	Без_скоса_стыковое	УП	30	34	2	+1;-2	40	2	0	2	+1;-2	0	0	0	Параметрический	Двухсторонний_не_симметричный	38	4	10	2	2	+1;-2	2	1	Не_зависят
14771-76	С12	Стыковое	Со_скосом_одной_кромки	Без_скоса_стыковое	УП	34	40	2	+1;-2	40	2	0	2	+1;-2	0	0	0	Параметрический	Двухсторонний_не_симметричный	42	4	10	2	2	+1;-2	2	1	Не_зависят
14771-76	С12	Стыковое	Со_скосом_одной_кромки	Без_скоса_стыковое	УП	40	45	2	+1;-2	40	2	0	2	+1;-2	0	0	0	Параметрический	Двухсторонний_не_симметричный	46	5	10	2	2	+1;-2	2	1	Не_зависят
14771-76	С12	Стыковое	Со_скосом_одной_кромки	Без_скоса_стыковое	УП	45	53	2	+1;-2	40	2	0	2	+1;-2	0	0	0	Параметрический	Двухсторонний_не_симметричный	50	5	10	2	2	+1;-2	2	1	Не_зависят
14771-76	С12	Стыковое	Со_скосом_одной_кромки	Без_скоса_стыковое	УП	53	60	2	+1;-2	40	2	0	2	+1;-2	0	0	0	Параметрический	Двухсторонний_не_симметричный	54	5	10	2	2	+1;-2	2	1	Не_зависят
14771-76	Т8	Тавровое	С_двумя_симметричными_скосами	Без_скоса_тавровое	ИНп	6	9	1	1	55	2	0	1	1	0	0	0	Параметрический	Двухсторонний_симметричный	7	2	0	0	0,08	2	0	0	Зависит_только_g
14771-76	Т8	Тавровое	С_двумя_симметричными_скосами	Без_скоса_тавровое	ИНп	9	12	1	1	55	2	0	1	1	0	0	0	Параметрический	Двухсторонний_симметричный	9	2	0	0	0,08	2	0	0	Зависит_только_g
14771-76	Т8	Тавровое	С_двумя_симметричными_скосами	Без_скоса_тавровое	ИНп	12	16	1	1	55	2	0	1	1	0	0	0	Параметрический	Двухсторонний_симметричный	12	2	0	0	0,08	2	0	0	Зависит_только_g
14771-76	Т8	Тавровое	С_двумя_симметричными_скосами	Без_скоса_тавровое	ИНп	16	20	1	1	55	2	0	1	1	0	0	0	Параметрический	Двухсторонний_симметричный	16	2	0	0	0,08	2	0	0	Зависит_только_g
14771-76	Т8	Тавровое	С_двумя_симметричными_скосами	Без_скоса_тавровое	ИП	6	9	1	1	45	2	0	1	1	0	0	0	Параметрический	Двухсторонний_симметричный	10	2	0	0	0,08	2	0	0	Зависит_только_g
14771-76	Т8	Тавровое	С_двумя_симметричными_скосами	Без_скоса_тавровое	ИП	9	12	2	+1;-2	45	2	0	2	+1;-2	0	0	0	Параметрический	Двухсторонний_симметричный	12	3	0	0	0,08	2	0	0	Зависит_только_g
14771-76	Т8	Тавровое	С_двумя_симметричными_скосами	Без_скоса_тавровое	ИП	12	18	2	+1;-2	45	2	0	2	+1;-2	0	0	0	Параметрический	Двухсторонний_симметричный	12	3	0	0	0,08	2	0	0	Зависит_только_g
14771-76	Т8	Тавровое	С_двумя_симметричными_скосами	Без_скоса_тавровое	ИП	18	24	2	+1;-2	45	2	0	2	+1;-2	0	0	0	Параметрический	Двухсторонний_симметричный	14	3	0	0	0,08	2	0	0	Зависит_только_g
14771-76	Т8	Тавровое	С_двумя_симметричными_скосами	Без_скоса_тавровое	ИП	24	30	2	+1;-2	45	2	0	2	+1;-2	0	0	0	Параметрический	Двухсторонний_симметричный	16	4	0	0	0,08	2	0	0	Зависит_только_g
14771-76	Т8	Тавровое	С_двумя_симметричными_скосами	Без_скоса_тавровое	ИП	30	36	2	+1;-2	45	2	0	2	+1;-2	0	0	0	Параметрический	Двухсторонний_симметричный	20	4	0	0	0,08	2	0	0	Зависит_только_g
14771-76	Т8	Тавровое	С_двумя_симметричными_скосами	Без_скоса_тавровое	ИП	36	42	2	+1;-2	45	2	0	2	+1;-2	0	0	0	Параметрический	Двухсторонний_симметричный	24	4	0	0	0,08	2	0	0	Зависит_только_g
14771-76	Т8	Тавровое	С_двумя_симметричными_скосами	Без_скоса_тавровое	ИП	42	48	2	+1;-2	45	2	0	2	+1;-2	0	0	0	Параметрический	Двухсторонний_симметричный	28	5	0	0	0,08	2	0	0	Зависит_только_g
14771-76	Т8	Тавровое	С_двумя_симметричными_скосами	Без_скоса_тавровое	ИП	48	53	2	+1;-2	45	2	0	2	+1;-2	0	0	0	Параметрический	Двухсторонний_симметричный	32	5	0	0	0,08	2	0	0	Зависит_только_g
14771-76	Т8	Тавровое	С_двумя_симметричными_скосами	Без_скоса_тавровое	ИП	53	60	2	+1;-2	45	2	0	2	+1;-2	0	0	0	Параметрический	Двухсторонний_симметричный	36	5	0	0	0,08	2	0	0	Зависит_только_g
14771-76	Т8	Тавровое	С_двумя_симметричными_скосами	Без_скоса_тавровое	ИП	60	65	2	+1;-2	45	2	0	2	+1;-2	0	0	0	Параметрический	Двухсторонний_симметричный	40	5	0	0	0,08	2	0	0	Зависит_только_g
14771-76	Т8	Тавровое	С_двумя_симметричными_скосами	Без_скоса_тавровое	ИП	65	75	2	+1;-2	45	2	0	2	+1;-2	0	0	0	Параметрический	Двухсторонний_симметричный	44	5	0	0	0,08	2	0	0	Зависит_только_g
14771-76	Т8	Тавровое	С_двумя_симметричными_скосами	Без_скоса_тавровое	ИП	75	80	2	+1;-2	45	2	0	2	+1;-2	0	0	0	Параметрический	Двухсторонний_симметричный	48	5	0	0	0,08	2	0	0	Зависит_только_g
14771-76	Т8	Тавровое	С_двумя_симметричными_скосами	Без_скоса_тавровое	УП	6	9	1	1	45	2	0	1	1	0	0	0	Параметрический	Двухсторонний_симметричный	10	2	0	0	0,08	2	0	0	Зависит_только_g
14771-76	Т8	Тавровое	С_двумя_симметричными_скосами	Без_скоса_тавровое	УП	9	12	2	+1;-2	45	2	0	2	+1;-2	0	0	0	Параметрический	Двухсторонний_симметричный	12	3	0	0	0,08	2	0	0	Зависит_только_g
14771-76	Т8	Тавровое	С_двумя_симметричными_скосами	Без_скоса_тавровое	УП	12	18	2	+1;-2	45	2	0	2	+1;-2	0	0	0	Параметрический	Двухсторонний_симметричный	12	3	0	0	0,08	2	0	0	Зависит_только_g
14771-76	Т8	Тавровое	С_двумя_симметричными_скосами	Без_скоса_тавровое	УП	18	24	2	+1;-2	45	2	0	2	+1;-2	0	0	0	Параметрический	Двухсторонний_симметричный	14	3	0	0	0,08	2	0	0	Зависит_только_g
14771-76	Т8	Тавровое	С_двумя_симметричными_скосами	Без_скоса_тавровое	УП	24	30	2	+1;-2	45	2	0	2	+1;-2	0	0	0	Параметрический	Двухсторонний_симметричный	16	4	0	0	0,08	2	0	0	Зависит_только_g
14771-76	Т8	Тавровое	С_двумя_симметричными_скосами	Без_скоса_тавровое	УП	30	36	2	+1;-2	45	2	0	2	+1;-2	0	0	0	Параметрический	Двухсторонний_симметричный	20	4	0	0	0,08	2	0	0	Зависит_только_g
14771-76	Т8	Тавровое	С_двумя_симметричными_скосами	Без_скоса_тавровое	УП	36	42	2	+1;-2	45	2	0	2	+1;-2	0	0	0	Параметрический	Двухсторонний_симметричный	24	4	0	0	0,08	2	0	0	Зависит_только_g
14771-76	Т8	Тавровое	С_двумя_симметричными_скосами	Без_скоса_тавровое	УП	42	48	2	+1;-2	45	2	0	2	+1;-2	0	0	0	Параметрический	Двухсторонний_симметричный	28	5	0	0	0,08	2	0	0	Зависит_только_g
14771-76	Т8	Тавровое	С_двумя_симметричными_скосами	Без_скоса_тавровое	УП	48	53	2	+1;-2	45	2	0	2	+1;-2	0	0	0	Параметрический	Двухсторонний_симметричный	32	5	0	0	0,08	2	0	0	Зависит_только_g
14771-76	Т8	Тавровое	С_двумя_симметричными_скосами	Без_скоса_тавровое	УП	53	60	2	+1;-2	45	2	0	2	+1;-2	0	0	0	Параметрический	Двухсторонний_симметричный	36	5	0	0	0,08	2	0	0	Зависит_только_g
14771-76	Т8	Тавровое	С_двумя_симметричными_скосами	Без_скоса_тавровое	УП	60	65	2	+1;-2	45	2	0	2	+1;-2	0	0	0	Параметрический	Двухсторонний_симметричный	40	5	0	0	0,08	2	0	0	Зависит_только_g
14771-76	Т8	Тавровое	С_двумя_симметричными_скосами	Без_скоса_тавровое	УП	65	75	2	+1;-2	45	2	0	2	+1;-2	0	0	0	Параметрический	Двухсторонний_симметричный	44	5	0	0	0,08	2	0	0	Зависит_только_g
14771-76	Т8	Тавровое	С_двумя_симметричными_скосами	Без_скоса_тавровое	УП	75	80	2	+1;-2	45	2	0	2	+1;-2	0	0	0	Параметрический	Двухсторонний_симметричный	48	5	0	0	0,08	2	0	0	Зависит_только_g
14771-76	С25	Стыковое	С_двумя_симметричными_скосами	С_двумя_симметричными_скосами	ИНп	6	9	1	1	30	2	0	1	1	0	0	0	Параметрический	Двухсторонний_симметричный	7	2	0	0	1	1	0	0	Не_зависят
14771-76	С25	Стыковое	С_двумя_симметричными_скосами	С_двумя_симметричными_скосами	ИНп	9	12	1	1	30	2	0	1	1	0	0	0	Параметрический	Двухсторонний_симметричный	9	2	0	0	1	1	0	0	Не_зависят
14771-76	С25	Стыковое	С_двумя_симметричными_скосами	С_двумя_симметричными_скосами	ИНп	12	16	1	1	30	2	0	1	1	0	0	0	Параметрический	Двухсторонний_симметричный	12	2	0	0	1	1	0	0	Не_зависят
14771-76	С25	Стыковое	С_двумя_симметричными_скосами	С_двумя_симметричными_скосами	ИНп	16	20	1	1	30	2	0	1	1	0	0	0	Параметрический	Двухсторонний_симметричный	15	2	0	0	1	1	0	0	Не_зависят
14771-76	С25	Стыковое	С_двумя_симметричными_скосами	С_двумя_симметричными_скосами	ИП	6	9	1	1	20	2	0	1	1	0	0	0	Параметрический	Двухсторонний_симметричный	6	2	0	0	1	1	0	0	Не_зависят
14771-76	С25	Стыковое	С_двумя_симметричными_скосами	С_двумя_симметричными_скосами	ИП	9	12	1	1	20	2	0	1	1	0	0	0	Параметрический	Двухсторонний_симметричный	8	2	0	0	1	1	0	0	Не_зависят
14771-76	С25	Стыковое	С_двумя_симметричными_скосами	С_двумя_симметричными_скосами	ИП	12	16	1	1	20	2	0	1	1	0	0	0	Параметрический	Двухсторонний_симметричный	10	2	0	0	1	1	0	0	Не_зависят
14771-76	С25	Стыковое	С_двумя_симметричными_скосами	С_двумя_симметричными_скосами	ИП	16	20	1	1	20	2	0	1	1	0	0	0	Параметрический	Двухсторонний_симметричный	12	2	0	0	1	1	0	0	Не_зависят
14771-76	С25	Стыковое	С_двумя_симметричными_скосами	С_двумя_симметричными_скосами	ИП	20	28	2	+1;-2	20	2	0	2	+1;-2	0	0	0	Параметрический	Двухсторонний_симметричный	15	2	0	0	2	+1;-2	0	0	Не_зависят
14771-76	С25	Стыковое	С_двумя_симметричными_скосами	С_двумя_симметричными_скосами	ИП	28	36	2	+1;-2	20	2	0	2	+1;-2	0	0	0	Параметрический	Двухсторонний_симметричный	18	3	0	0	2	+1;-2	0	0	Не_зависят
14771-76	С25	Стыковое	С_двумя_симметричными_скосами	С_двумя_симметричными_скосами	ИП	36	45	2	+1;-2	20	2	0	2	+1;-2	0	0	0	Параметрический	Двухсторонний_симметричный	20	3	0	0	2	+1;-2	0	0	Не_зависят
14771-76	С25	Стыковое	С_двумя_симметричными_скосами	С_двумя_симметричными_скосами	ИП	45	53	2	+1;-2	20	2	0	2	+1;-2	0	0	0	Параметрический	Двухсторонний_симметричный	24	4	0	0	2	+1;-2	0	0	Не_зависят
14771-76	С25	Стыковое	С_двумя_симметричными_скосами	С_двумя_симметричными_скосами	ИП	53	60	2	+1;-2	20	2	0	2	+1;-2	0	0	0	Параметрический	Двухсторонний_симметричный	28	4	0	0	2	+1;-2	0	0	Не_зависят
14771-76	С25	Стыковое	С_двумя_симметричными_скосами	С_двумя_симметричными_скосами	ИП	60	70	2	+1;-2	20	2	0	2	+1;-2	0	0	0	Параметрический	Двухсторонний_симметричный	32	4	0	0	2	+1;-2	0	0	Не_зависят
14771-76	С25	Стыковое	С_двумя_симметричными_скосами	С_двумя_симметричными_скосами	ИП	70	80	2	+1;-2	20	2	0	2	+1;-2	0	0	0	Параметрический	Двухсторонний_симметричный	36	4	0	0	2	+1;-2	0	0	Не_зависят
14771-76	С25	Стыковое	С_двумя_симметричными_скосами	С_двумя_симметричными_скосами	ИП	80	90	2	+1;-2	20	2	0	2	+1;-2	0	0	0	Параметрический	Двухсторонний_симметричный	40	5	0	0	2	+1;-2	0	0	Не_зависят
14771-76	С25	Стыковое	С_двумя_симметричными_скосами	С_двумя_симметричными_скосами	ИП	90	100	2	+1;-2	20	2	0	2	+1;-2	0	0	0	Параметрический	Двухсторонний_симметричный	44	5	0	0	2	+1;-2	0	0	Не_зависят
14771-76	С25	Стыковое	С_двумя_симметричными_скосами	С_двумя_симметричными_скосами	ИП	100	110	2	+1;-2	20	2	0	2	+1;-2	0	0	0	Параметрический	Двухсторонний_симметричный	48	6	0	0	2	+1;-2	0	0	Не_зависят
14771-76	С25	Стыковое	С_двумя_симметричными_скосами	С_двумя_симметричными_скосами	ИП	110	120	2	+1;-2	20	2	0	2	+1;-2	0	0	0	Параметрический	Двухсторонний_симметричный	52	6	0	0	2	+1;-2	0	0	Не_зависят
14771-76	С25	Стыковое	С_двумя_симметричными_скосами	С_двумя_симметричными_скосами	УП	6	9	1	1	20	2	0	1	1	0	0	0	Параметрический	Двухсторонний_симметричный	6	2	0	0	1	1	0	0	Не_зависят
14771-76	С25	Стыковое	С_двумя_симметричными_скосами	С_двумя_симметричными_скосами	УП	9	12	1	1	20	2	0	1	1	0	0	0	Параметрический	Двухсторонний_симметричный	8	2	0	0	1	1	0	0	Не_зависят
14771-76	С25	Стыковое	С_двумя_симметричными_скосами	С_двумя_симметричными_скосами	УП	12	16	1	1	20	2	0	1	1	0	0	0	Параметрический	Двухсторонний_симметричный	10	2	0	0	1	1	0	0	Не_зависят
14771-76	С25	Стыковое	С_двумя_симметричными_скосами	С_двумя_симметричными_скосами	УП	16	20	1	1	20	2	0	1	1	0	0	0	Параметрический	Двухсторонний_симметричный	12	2	0	0	1	1	0	0	Не_зависят
14771-76	С25	Стыковое	С_двумя_симметричными_скосами	С_двумя_симметричными_скосами	УП	20	28	2	+1;-2	20	2	0	2	+1;-2	0	0	0	Параметрический	Двухсторонний_симметричный	15	2	0	0	2	+1;-2	0	0	Не_зависят
14771-76	С25	Стыковое	С_двумя_симметричными_скосами	С_двумя_симметричными_скосами	УП	28	36	2	+1;-2	20	2	0	2	+1;-2	0	0	0	Параметрический	Двухсторонний_симметричный	18	3	0	0	2	+1;-2	0	0	Не_зависят
14771-76	С25	Стыковое	С_двумя_симметричными_скосами	С_двумя_симметричными_скосами	УП	36	45	2	+1;-2	20	2	0	2	+1;-2	0	0	0	Параметрический	Двухсторонний_симметричный	20	3	0	0	2	+1;-2	0	0	Не_зависят
14771-76	С25	Стыковое	С_двумя_симметричными_скосами	С_двумя_симметричными_скосами	УП	45	53	2	+1;-2	20	2	0	2	+1;-2	0	0	0	Параметрический	Двухсторонний_симметричный	24	4	0	0	2	+1;-2	0	0	Не_зависят
14771-76	С25	Стыковое	С_двумя_симметричными_скосами	С_двумя_симметричными_скосами	УП	53	60	2	+1;-2	20	2	0	2	+1;-2	0	0	0	Параметрический	Двухсторонний_симметричный	28	4	0	0	2	+1;-2	0	0	Не_зависят
14771-76	С25	Стыковое	С_двумя_симметричными_скосами	С_двумя_симметричными_скосами	УП	60	70	2	+1;-2	20	2	0	2	+1;-2	0	0	0	Параметрический	Двухсторонний_симметричный	32	4	0	0	2	+1;-2	0	0	Не_зависят
14771-76	С25	Стыковое	С_двумя_симметричными_скосами	С_двумя_симметричными_скосами	УП	70	80	2	+1;-2	20	2	0	2	+1;-2	0	0	0	Параметрический	Двухсторонний_симметричный	36	4	0	0	2	+1;-2	0	0	Не_зависят
14771-76	С25	Стыковое	С_двумя_симметричными_скосами	С_двумя_симметричными_скосами	УП	80	90	2	+1;-2	20	2	0	2	+1;-2	0	0	0	Параметрический	Двухсторонний_симметричный	40	5	0	0	2	+1;-2	0	0	Не_зависят
14771-76	С25	Стыковое	С_двумя_симметричными_скосами	С_двумя_симметричными_скосами	УП	90	100	2	+1;-2	20	2	0	2	+1;-2	0	0	0	Параметрический	Двухсторонний_симметричный	44	5	0	0	2	+1;-2	0	0	Не_зависят
14771-76	С25	Стыковое	С_двумя_симметричными_скосами	С_двумя_симметричными_скосами	УП	100	110	2	+1;-2	20	2	0	2	+1;-2	0	0	0	Параметрический	Двухсторонний_симметричный	48	6	0	0	2	+1;-2	0	0	Не_зависят
14771-76	С25	Стыковое	С_двумя_симметричными_скосами	С_двумя_симметричными_скосами	УП	110	120	2	+1;-2	20	2	0	2	+1;-2	0	0	0	Параметрический	Двухсторонний_симметричный	52	6	0	0	2	+1;-2	0	0	Не_зависят
14771-76	С21	Стыковое	Со_скосом_одной_кромки	Со_скосом_одной_кромки	ИНп	3	3,5	1	1	30	2	0	1	1	0	0	0	Параметрический	Двухсторонний_не_симметричный	6	1	6	2	1	+0,5;-1	0,5	0,5	Не_зависят
14771-76	С21	Стыковое	Со_скосом_одной_кромки	Со_скосом_одной_кромки	ИНп	3,5	4,5	1	1	30	2	0	1	1	0	0	0	Параметрический	Двухсторонний_не_симметричный	7	2	6	2	1	+0,5;-1	0,5	0,5	Не_зависят
14771-76	С21	Стыковое	Со_скосом_одной_кромки	Со_скосом_одной_кромки	ИНп	4,5	5,5	2	+1;-2	30	2	0	2	+1;-2	0	0	0	Параметрический	Двухсторонний_не_симметричный	8	2	8	2	1	1	1	1	Не_зависят
14771-76	С21	Стыковое	Со_скосом_одной_кромки	Со_скосом_одной_кромки	ИНп	5,5	6	2	+1;-2	30	2	0	2	+1;-2	0	0	0	Параметрический	Двухсторонний_не_симметричный	10	2	8	2	1	1	1	1	Не_зависят
14771-76	С21	Стыковое	Со_скосом_одной_кромки	Со_скосом_одной_кромки	ИНп	6	8	2	+1;-2	30	2	0	2	+1;-2	0	0	0	Параметрический	Двухсторонний_не_симметричный	12	2	8	2	1	1	1	1	Не_зависят
14771-76	С21	Стыковое	Со_скосом_одной_кромки	Со_скосом_одной_кромки	ИНп	8	10	2	+1;-2	30	2	0	2	+1;-2	0	0	0	Параметрический	Двухсторонний_не_симметричный	14	2	8	2	1	1	1	1	Не_зависят
14771-76	С21	Стыковое	Со_скосом_одной_кромки	Со_скосом_одной_кромки	ИП	3	3,5	1	1	30	2	0	1	1	0	0	0	Параметрический	Двухсторонний_не_симметричный	6	1	6	2	1	+0,5;-1	0,5	0,5	Не_зависят
14771-76	С21	Стыковое	Со_скосом_одной_кромки	Со_скосом_одной_кромки	ИП	3,5	4,5	1	1	30	2	0	1	1	0	0	0	Параметрический	Двухсторонний_не_симметричный	7	2	6	2	1	+0,5;-1	0,5	0,5	Не_зависят
14771-76	С21	Стыковое	Со_скосом_одной_кромки	Со_скосом_одной_кромки	ИП	4,5	5,5	2	+1;-2	30	2	0	2	+1;-2	0	0	0	Параметрический	Двухсторонний_не_симметричный	8	2	8	2	1	1	1	1	Не_зависят
14771-76	С21	Стыковое	Со_скосом_одной_кромки	Со_скосом_одной_кромки	ИП	5,5	6	2	+1;-2	30	2	0	2	+1;-2	0	0	0	Параметрический	Двухсторонний_не_симметричный	10	2	8	2	1	1	1	1	Не_зависят
14771-76	С21	Стыковое	Со_скосом_одной_кромки	Со_скосом_одной_кромки	ИП	6	8	2	+1;-2	30	2	0	2	+1;-2	0	0	0	Параметрический	Двухсторонний_не_симметричный	12	2	8	2	1	1	1	1	Не_зависят
14771-76	С21	Стыковое	Со_скосом_одной_кромки	Со_скосом_одной_кромки	ИП	8	10	2	+1;-2	30	2	0	2	+1;-2	0	0	0	Параметрический	Двухсторонний_не_симметричный	14	2	8	2	1	1	1	1	Не_зависят
14771-76	С21	Стыковое	Со_скосом_одной_кромки	Со_скосом_одной_кромки	УП	3	4	2	+1;-2	20	2	0	2	+1;-2	0	0	0	Параметрический	Двухсторонний_не_симметричный	6	2	8	2	1	1	1	1	Не_зависят
14771-76	С21	Стыковое	Со_скосом_одной_кромки	Со_скосом_одной_кромки	УП	4	7	2	+1;-2	20	2	0	2	+1;-2	0	0	0	Параметрический	Двухсторонний_не_симметричный	8	2	8	2	1	1	1	1	Не_зависят
14771-76	С21	Стыковое	Со_скосом_одной_кромки	Со_скосом_одной_кромки	УП	7	11	2	+1;-2	20	2	0	2	+1;-2	0	0	0	Параметрический	Двухсторонний_не_симметричный	10	2	8	2	1	1	1	1	Не_зависят
14771-76	С21	Стыковое	Со_скосом_одной_кромки	Со_скосом_одной_кромки	УП	11	14	2	+1;-2	20	2	0	2	+1;-2	0	0	0	Параметрический	Двухсторонний_не_симметричный	13	3	8	2	2	+1;-2	2	1	Не_зависят
14771-76	С21	Стыковое	Со_скосом_одной_кромки	Со_скосом_одной_кромки	УП	14	18	2	+1;-2	20	2	0	2	+1;-2	0	0	0	Параметрический	Двухсторонний_не_симметричный	16	3	8	2	2	+1;-2	2	1	Не_зависят
14771-76	С21	Стыковое	Со_скосом_одной_кромки	Со_скосом_одной_кромки	УП	18	22	2	+1;-2	20	2	0	2	+1;-2	0	0	0	Параметрический	Двухсторонний_не_симметричный	20	4	10	2	2	+1;-2	2	1	Не_зависят
14771-76	С21	Стыковое	Со_скосом_одной_кромки	Со_скосом_одной_кромки	УП	22	26	2	+1;-2	20	2	0	2	+1;-2	0	0	0	Параметрический	Двухсторонний_не_симметричный	24	4	10	2	2	+1;-2	2	1	Не_зависят
14771-76	С21	Стыковое	Со_скосом_одной_кромки	Со_скосом_одной_кромки	УП	26	30	2	+1;-2	20	2	0	2	+1;-2	0	0	0	Параметрический	Двухсторонний_не_симметричный	28	4	10	2	2	+1;-2	2	1	Не_зависят
14771-76	С21	Стыковое	Со_скосом_одной_кромки	Со_скосом_одной_кромки	УП	30	36	2	+1;-2	20	2	0	2	+1;-2	0	0	0	Параметрический	Двухсторонний_не_симметричный	32	4	10	2	2	+1;-2	2	1	Не_зависят
14771-76	С21	Стыковое	Со_скосом_одной_кромки	Со_скосом_одной_кромки	УП	36	42	2	+1;-2	20	2	0	2	+1;-2	0	0	0	Параметрический	Двухсторонний_не_симметричный	36	4	10	2	2	+1;-2	2	1	Не_зависят
14771-76	С21	Стыковое	Со_скосом_одной_кромки	Со_скосом_одной_кромки	УП	42	48	2	+1;-2	20	2	0	2	+1;-2	0	0	0	Параметрический	Двухсторонний_не_симметричный	40	4	10	2	2	+1;-2	2	1	Не_зависят
14771-76	С21	Стыковое	Со_скосом_одной_кромки	Со_скосом_одной_кромки	УП	48	54	2	+1;-2	20	2	0	2	+1;-2	0	0	0	Параметрический	Двухсторонний_не_симметричный	44	4	10	2	2	+1;-2	2	1	Не_зависят
14771-76	С21	Стыковое	Со_скосом_одной_кромки	Со_скосом_одной_кромки	УП	54	60	2	+1;-2	20	2	0	2	+1;-2	0	0	0	Параметрический	Двухсторонний_не_симметричный	48	4	10	2	2	+1;-2	2	1	Не_зависят
14771-76	С19	Стыковое	Со_скосом_одной_кромки	Со_скосом_одной_кромки	ИНп	3	3,5	1	1	30	2	0	1	1	0	0	0	Параметрический	Односторонний_на_остающейся_подкладке	6	2	0	0	1	+0,5;-1	0	0	Не_зависят
14771-76	С19	Стыковое	Со_скосом_одной_кромки	Со_скосом_одной_кромки	ИНп	3,8	4	1	1	30	2	0	1	1	0	0	0	Параметрический	Односторонний_на_остающейся_подкладке	7	2	0	0	1	+0,5;-1	0	0	Не_зависят
14771-76	С19	Стыковое	Со_скосом_одной_кромки	Со_скосом_одной_кромки	ИНп	4	5,5	1	1	30	2	0	1	1	0	0	0	Параметрический	Односторонний_на_остающейся_подкладке	9	2	0	0	1	1	0	0	Не_зависят
14771-76	С19	Стыковое	Со_скосом_одной_кромки	Со_скосом_одной_кромки	ИНп	5,5	6	1	1	30	2	0	1	1	0	0	0	Параметрический	Односторонний_на_остающейся_подкладке	10	2	0	0	1	1	0	0	Не_зависят
14771-76	С19	Стыковое	Со_скосом_одной_кромки	Со_скосом_одной_кромки	ИНп	6	7	1	1	30	2	0	1	1	0	0	0	Параметрический	Односторонний_на_остающейся_подкладке	11	2	0	0	1	1	0	0	Не_зависят
14771-76	С19	Стыковое	Со_скосом_одной_кромки	Со_скосом_одной_кромки	ИНп	7	8	1	1	30	2	0	1	1	0	0	0	Параметрический	Односторонний_на_остающейся_подкладке	12	2	0	0	1	1	0	0	Не_зависят
14771-76	С19	Стыковое	Со_скосом_одной_кромки	Со_скосом_одной_кромки	ИНп	8	9	1	1	30	2	0	1	1	0	0	0	Параметрический	Односторонний_на_остающейся_подкладке	14	2	0	0	1	1	0	0	Не_зависят
14771-76	С19	Стыковое	Со_скосом_одной_кромки	Со_скосом_одной_кромки	ИНп	9	10	1	1	30	2	0	1	1	0	0	0	Параметрический	Односторонний_на_остающейся_подкладке	16	2	0	0	1	1	0	0	Не_зависят
14771-76	С19	Стыковое	Со_скосом_одной_кромки	Со_скосом_одной_кромки	УП	3	4	1	1	20	2	0	1	1	0	0	0	Параметрический	Односторонний_на_остающейся_подкладке	8	2	0	0	1	1	0	0	Не_зависят
14771-76	С19	Стыковое	Со_скосом_одной_кромки	Со_скосом_одной_кромки	УП	4,5	7	1	1	20	2	0	1	1	0	0	0	Параметрический	Односторонний_на_остающейся_подкладке	10	2	0	0	1	1	0	0	Не_зависят
14771-76	С19	Стыковое	Со_скосом_одной_кромки	Со_скосом_одной_кромки	УП	8	11	1	1	20	2	0	1	1	0	0	0	Параметрический	Односторонний_на_остающейся_подкладке	12	2	0	0	1	1	0	0	Не_зависят
14771-76	С19	Стыковое	Со_скосом_одной_кромки	Со_скосом_одной_кромки	УП	12	14	2	+1;-2	20	2	0	2	+1;-2	0	0	0	Параметрический	Односторонний_на_остающейся_подкладке	16	3	0	0	2	+1;-2	0	0	Не_зависят
14771-76	С19	Стыковое	Со_скосом_одной_кромки	Со_скосом_одной_кромки	УП	16	18	2	+1;-2	20	2	0	2	+1;-2	0	0	0	Параметрический	Односторонний_на_остающейся_подкладке	20	3	0	0	2	+1;-2	0	0	Не_зависят
14771-76	С19	Стыковое	Со_скосом_одной_кромки	Со_скосом_одной_кромки	УП	20	22	2	+1;-2	20	2	0	2	+1;-2	0	0	0	Параметрический	Односторонний_на_остающейся_подкладке	26	4	0	0	2	+1;-2	0	0	Не_зависят
14771-76	С19	Стыковое	Со_скосом_одной_кромки	Со_скосом_одной_кромки	УП	24	26	2	+1;-2	20	2	0	2	+1;-2	0	0	0	Параметрический	Односторонний_на_остающейся_подкладке	30	4	0	0	2	+1;-2	0	0	Не_зависят
14771-76	С19	Стыковое	Со_скосом_одной_кромки	Со_скосом_одной_кромки	УП	28	30	2	+1;-2	20	2	0	2	+1;-2	0	0	0	Параметрический	Односторонний_на_остающейся_подкладке	34	4	0	0	2	+1;-2	0	0	Не_зависят
14771-76	С19	Стыковое	Со_скосом_одной_кромки	Со_скосом_одной_кромки	УП	32	36	2	+1;-2	20	2	0	2	+1;-2	0	0	0	Параметрический	Односторонний_на_остающейся_подкладке	38	4	0	0	2	+1;-2	0	0	Не_зависят
14771-76	С19	Стыковое	Со_скосом_одной_кромки	Со_скосом_одной_кромки	УП	38	42	2	+1;-2	20	2	0	2	2	0	0	0	Параметрический	Односторонний_на_остающейся_подкладке	44	4	0	0	2	+1;-2	0	0	Не_зависят
14771-76	С19	Стыковое	Со_скосом_одной_кромки	Со_скосом_одной_кромки	УП	45	48	2	+1;-2	20	2	0	2	2	0	0	0	Параметрический	Односторонний_на_остающейся_подкладке	48	5	0	0	2	+1;-2	0	0	Не_зависят
14771-76	С19	Стыковое	Со_скосом_одной_кромки	Со_скосом_одной_кромки	УП	50	53	2	+1;-2	20	2	0	2	2	0	0	0	Параметрический	Односторонний_на_остающейся_подкладке	52	5	0	0	2	+1;-2	0	0	Не_зависят
14771-76	С19	Стыковое	Со_скосом_одной_кромки	Со_скосом_одной_кромки	УП	56	60	2	+1;-2	20	2	0	2	2	0	0	0	Параметрический	Односторонний_на_остающейся_подкладке	56	5	0	0	2	+1;-2	0	0	Не_зависят
14771-76	С19	Стыковое	Со_скосом_одной_кромки	Со_скосом_одной_кромки	ИП	3	3,5	1	1	30	2	0	1	1	0	0	0	Параметрический	Односторонний_на_остающейся_подкладке	6	2	0	0	1	+0,5;-1	0	0	Не_зависят
14771-76	С19	Стыковое	Со_скосом_одной_кромки	Со_скосом_одной_кромки	ИП	3,8	4	1	1	30	2	0	1	1	0	0	0	Параметрический	Односторонний_на_остающейся_подкладке	7	2	0	0	1	+0,5;-1	0	0	Не_зависят
14771-76	С19	Стыковое	Со_скосом_одной_кромки	Со_скосом_одной_кромки	ИП	4	5,5	1	1	30	2	0	1	1	0	0	0	Параметрический	Односторонний_на_остающейся_подкладке	9	2	0	0	1	1	0	0	Не_зависят
14771-76	С19	Стыковое	Со_скосом_одной_кромки	Со_скосом_одной_кромки	ИП	5,5	6	1	1	30	2	0	1	1	0	0	0	Параметрический	Односторонний_на_остающейся_подкладке	10	2	0	0	1	1	0	0	Не_зависят
14771-76	С19	Стыковое	Со_скосом_одной_кромки	Со_скосом_одной_кромки	ИП	6	7	1	1	30	2	0	1	1	0	0	0	Параметрический	Односторонний_на_остающейся_подкладке	11	2	0	0	1	1	0	0	Не_зависят
14771-76	С19	Стыковое	Со_скосом_одной_кромки	Со_скосом_одной_кромки	ИП	7	8	1	1	30	2	0	1	1	0	0	0	Параметрический	Односторонний_на_остающейся_подкладке	12	2	0	0	1	1	0	0	Не_зависят
14771-76	С19	Стыковое	Со_скосом_одной_кромки	Со_скосом_одной_кромки	ИП	8	9	1	1	30	2	0	1	1	0	0	0	Параметрический	Односторонний_на_остающейся_подкладке	14	2	0	0	1	1	0	0	Не_зависят
14771-76	С19	Стыковое	Со_скосом_одной_кромки	Со_скосом_одной_кромки	ИП	9	10	1	1	30	2	0	1	1	0	0	0	Параметрический	Односторонний_на_остающейся_подкладке	16	2	0	0	1	1	0	0	Не_зависят
14771-76	С18	Стыковое	Со_скосом_одной_кромки	Со_скосом_одной_кромки	ИНп	3	3,5	1	1	30	2	0	1	1	0	0	0	Параметрический	Односторонний_на_съемной_подкладке	6	2	0	0	1	+0,5;-1	0	0	Не_зависят
14771-76	С18	Стыковое	Со_скосом_одной_кромки	Со_скосом_одной_кромки	ИНп	3,8	4,5	1	1	30	2	0	1	1	0	0	0	Параметрический	Односторонний_на_съемной_подкладке	7	2	0	0	1	+0,5;-1	0	0	Не_зависят
14771-76	С18	Стыковое	Со_скосом_одной_кромки	Со_скосом_одной_кромки	ИНп	4,5	5,5	1	1	30	2	0	1	1	0	0	0	Параметрический	Односторонний_на_съемной_подкладке	8	2	0	0	1	1	0	0	Не_зависят
14771-76	С18	Стыковое	Со_скосом_одной_кромки	Со_скосом_одной_кромки	ИНп	5,5	6	1	1	30	2	0	1	1	0	0	0	Параметрический	Односторонний_на_съемной_подкладке	10	2	0	0	1	1	0	0	Не_зависят
14771-76	С18	Стыковое	Со_скосом_одной_кромки	Со_скосом_одной_кромки	ИНп	6	8	1	1	30	2	0	1	1	0	0	0	Параметрический	Односторонний_на_съемной_подкладке	12	2	0	0	1	1	0	0	Не_зависят
14771-76	С18	Стыковое	Со_скосом_одной_кромки	Со_скосом_одной_кромки	ИНп	8	10	1	1	30	2	0	1	1	0	0	0	Параметрический	Односторонний_на_съемной_подкладке	14	2	0	0	1	1	0	0	Не_зависят
14771-76	С18	Стыковое	Со_скосом_одной_кромки	Со_скосом_одной_кромки	УП	3	4	1	1	30	2	0	1	1	0	0	0	Параметрический	Односторонний_на_съемной_подкладке	8	2	0	0	1	1	0	0	Не_зависят
14771-76	С18	Стыковое	Со_скосом_одной_кромки	Со_скосом_одной_кромки	УП	4	7	1	1	20	2	0	1	1	0	0	0	Параметрический	Односторонний_на_съемной_подкладке	10	2	0	0	1	1	0	0	Не_зависят
14771-76	С18	Стыковое	Со_скосом_одной_кромки	Со_скосом_одной_кромки	УП	7	11	1	1	20	2	0	1	1	0	0	0	Параметрический	Односторонний_на_съемной_подкладке	12	2	0	0	1	1	0	0	Не_зависят
14771-76	С18	Стыковое	Со_скосом_одной_кромки	Со_скосом_одной_кромки	УП	11	14	2	+1;-2	20	2	0	2	+1;-2	0	0	0	Параметрический	Односторонний_на_съемной_подкладке	15	3	0	0	2	+1;-2	0	0	Не_зависят
14771-76	С18	Стыковое	Со_скосом_одной_кромки	Со_скосом_одной_кромки	УП	14	18	2	+1;-2	20	2	0	2	+1;-2	0	0	0	Параметрический	Односторонний_на_съемной_подкладке	18	3	0	0	2	+1;-2	0	0	Не_зависят
14771-76	С18	Стыковое	Со_скосом_одной_кромки	Со_скосом_одной_кромки	УП	18	22	2	+1;-2	20	2	0	2	+1;-2	0	0	0	Параметрический	Односторонний_на_съемной_подкладке	22	4	0	0	2	+1;-2	0	0	Не_зависят
14771-76	С18	Стыковое	Со_скосом_одной_кромки	Со_скосом_одной_кромки	УП	22	26	2	+1;-2	20	2	0	2	+1;-2	0	0	0	Параметрический	Односторонний_на_съемной_подкладке	26	4	0	0	2	+1;-2	0	0	Не_зависят
14771-76	С18	Стыковое	Со_скосом_одной_кромки	Со_скосом_одной_кромки	УП	26	30	2	+1;-2	20	2	0	2	+1;-2	0	0	0	Параметрический	Односторонний_на_съемной_подкладке	30	4	0	0	2	+1;-2	0	0	Не_зависят
14771-76	С18	Стыковое	Со_скосом_одной_кромки	Со_скосом_одной_кромки	УП	30	36	2	+1;-2	20	2	0	2	+1;-2	0	0	0	Параметрический	Односторонний_на_съемной_подкладке	34	4	0	0	2	+1;-2	0	0	Не_зависят
14771-76	С18	Стыковое	Со_скосом_одной_кромки	Со_скосом_одной_кромки	УП	36	42	2	+1;-2	20	2	0	2	+1;-2	0	0	0	Параметрический	Односторонний_на_съемной_подкладке	38	4	0	0	2	+1;-2	0	0	Не_зависят
14771-76	С18	Стыковое	Со_скосом_одной_кромки	Со_скосом_одной_кромки	УП	42	48	2	+1;-2	20	2	0	2	+1;-2	0	0	0	Параметрический	Односторонний_на_съемной_подкладке	42	5	0	0	2	+1;-2	0	0	Не_зависят
14771-76	С18	Стыковое	Со_скосом_одной_кромки	Со_скосом_одной_кромки	УП	48	53	2	+1;-2	20	2	0	2	+1;-2	0	0	0	Параметрический	Односторонний_на_съемной_подкладке	46	5	0	0	2	+1;-2	0	0	Не_зависят
14771-76	С18	Стыковое	Со_скосом_одной_кромки	Со_скосом_одной_кромки	УП	53	60	2	+1;-2	20	2	0	2	+1;-2	0	0	0	Параметрический	Односторонний_на_съемной_подкладке	52	5	0	0	2	+1;-2	0	0	Не_зависят
14771-76	С18	Стыковое	Со_скосом_одной_кромки	Со_скосом_одной_кромки	ИП	3	3,5	1	1	30	2	0	1	1	0	0	0	Параметрический	Односторонний_на_съемной_подкладке	6	2	0	0	1	+0,5;-1	0	0	Не_зависят
14771-76	С18	Стыковое	Со_скосом_одной_кромки	Со_скосом_одной_кромки	ИП	3,8	4,5	1	1	30	2	0	1	1	0	0	0	Параметрический	Односторонний_на_съемной_подкладке	7	2	0	0	1	+0,5;-1	0	0	Не_зависят
14771-76	С18	Стыковое	Со_скосом_одной_кромки	Со_скосом_одной_кромки	ИП	4,5	5,5	1	1	30	2	0	1	1	0	0	0	Параметрический	Односторонний_на_съемной_подкладке	8	2	0	0	1	1	0	0	Не_зависят
14771-76	С18	Стыковое	Со_скосом_одной_кромки	Со_скосом_одной_кромки	ИП	5,5	6	1	1	30	2	0	1	1	0	0	0	Параметрический	Односторонний_на_съемной_подкладке	10	2	0	0	1	1	0	0	Не_зависят
14771-76	С18	Стыковое	Со_скосом_одной_кромки	Со_скосом_одной_кромки	ИП	6	8	1	1	30	2	0	1	1	0	0	0	Параметрический	Односторонний_на_съемной_подкладке	12	2	0	0	1	1	0	0	Не_зависят
14771-76	С18	Стыковое	Со_скосом_одной_кромки	Со_скосом_одной_кромки	ИП	8	10	1	1	30	2	0	1	1	0	0	0	Параметрический	Односторонний_на_съемной_подкладке	14	2	0	0	1	1	0	0	Не_зависят
14771-76	С17	Стыковое	Со_скосом_одной_кромки	Со_скосом_одной_кромки	ИНп	3	4	1	1	30	2	0	1	1	0	0	0	Параметрический	Односторонний	6	2	0	0	1	1	0	0	Не_зависят
14771-76	С17	Стыковое	Со_скосом_одной_кромки	Со_скосом_одной_кромки	ИНп	4	5,5	1	1	30	2	0	1	1	0	0	0	Параметрический	Односторонний	7	2	0	0	1	1	0	0	Не_зависят
14771-76	С17	Стыковое	Со_скосом_одной_кромки	Со_скосом_одной_кромки	ИНп	5,5	6	1	1	30	2	0	1	1	0	0	0	Параметрический	Односторонний	8	2	0	0	1	1	0	0	Не_зависят
14771-76	С17	Стыковое	Со_скосом_одной_кромки	Со_скосом_одной_кромки	ИНп	6	7	1	1	30	2	0	1	1	0	0	0	Параметрический	Односторонний	10	2	0	0	1	1	0	0	Не_зависят
14771-76	С17	Стыковое	Со_скосом_одной_кромки	Со_скосом_одной_кромки	ИНп	7	8	1	1	20	2	0	1	1	0	0	0	Параметрический	Односторонний	12	2	0	0	1	1	0	0	Не_зависят
14771-76	С17	Стыковое	Со_скосом_одной_кромки	Со_скосом_одной_кромки	ИНп	8	10	1	1	20	2	0	1	1	0	0	0	Параметрический	Односторонний	14	2	0	0	1	1	0	0	Не_зависят
14771-76	С17	Стыковое	Со_скосом_одной_кромки	Со_скосом_одной_кромки	УП	3	4,5	1	1	20	2	0	1	1	0	0	0	Параметрический	Односторонний	6	2	0	0	1	1	0	0	Не_зависят
14771-76	С17	Стыковое	Со_скосом_одной_кромки	Со_скосом_одной_кромки	УП	4,5	7	1	1	20	2	0	1	1	0	0	0	Параметрический	Односторонний	8	2	0	0	1	1	0	0	Не_зависят
14771-76	С17	Стыковое	Со_скосом_одной_кромки	Со_скосом_одной_кромки	УП	7	10	1	1	20	2	0	1	1	0	0	0	Параметрический	Односторонний	10	2	0	0	1	1	0	0	Не_зависят
14771-76	С17	Стыковое	Со_скосом_одной_кромки	Со_скосом_одной_кромки	УП	10	14	2	+1;-2	20	2	0	2	+1;-2	0	0	0	Параметрический	Односторонний	13	3	0	0	1	1	0	0	Не_зависят
14771-76	С17	Стыковое	Со_скосом_одной_кромки	Со_скосом_одной_кромки	УП	14	18	2	+1;-2	20	2	0	2	+1;-2	0	0	0	Параметрический	Односторонний	16	3	0	0	1	1	0	0	Не_зависят
14771-76	С17	Стыковое	Со_скосом_одной_кромки	Со_скосом_одной_кромки	УП	18	22	2	+1;-2	20	2	0	2	+1;-2	0	0	0	Параметрический	Односторонний	20	4	0	0	2	+1;-2	0	0	Не_зависят
14771-76	С17	Стыковое	Со_скосом_одной_кромки	Со_скосом_одной_кромки	УП	22	26	2	+1;-2	20	2	0	2	+1;-2	0	0	0	Параметрический	Односторонний	24	4	0	0	2	+1;-2	0	0	Не_зависят
14771-76	С17	Стыковое	Со_скосом_одной_кромки	Со_скосом_одной_кромки	УП	26	30	2	+1;-2	20	2	0	2	+1;-2	0	0	0	Параметрический	Односторонний	28	4	0	0	2	+1;-2	0	0	Не_зависят
14771-76	С17	Стыковое	Со_скосом_одной_кромки	Со_скосом_одной_кромки	УП	30	34	2	+1;-2	20	2	0	2	+1;-2	0	0	0	Параметрический	Односторонний	32	4	0	0	2	+1;-2	0	0	Не_зависят
14771-76	С17	Стыковое	Со_скосом_одной_кромки	Со_скосом_одной_кромки	УП	34	40	2	+1;-2	20	2	0	2	+1;-2	0	0	0	Параметрический	Односторонний	36	4	0	0	2	+1;-2	0	0	Не_зависят
14771-76	С17	Стыковое	Со_скосом_одной_кромки	Со_скосом_одной_кромки	УП	40	45	2	+1;-2	20	2	0	2	+1;-2	0	0	0	Параметрический	Односторонний	40	5	0	0	2	+1;-2	0	0	Не_зависят
14771-76	С17	Стыковое	Со_скосом_одной_кромки	Со_скосом_одной_кромки	УП	45	53	2	+1;-2	20	2	0	2	+1;-2	0	0	0	Параметрический	Односторонний	44	5	0	0	2	+1;-2	0	0	Не_зависят
14771-76	С17	Стыковое	Со_скосом_одной_кромки	Со_скосом_одной_кромки	УП	53	60	2	+1;-2	20	2	0	2	+1;-2	0	0	0	Параметрический	Односторонний	50	5	0	0	2	+1;-2	0	0	Не_зависят
14771-76	С17	Стыковое	Со_скосом_одной_кромки	Со_скосом_одной_кромки	ИП	3	4	1	1	30	2	0	1	1	0	0	0	Параметрический	Односторонний	6	2	0	0	1	1	0	0	Не_зависят
14771-76	С17	Стыковое	Со_скосом_одной_кромки	Со_скосом_одной_кромки	ИП	4	5,5	1	1	30	2	0	1	1	0	0	0	Параметрический	Односторонний	7	2	0	0	1	1	0	0	Не_зависят
14771-76	С17	Стыковое	Со_скосом_одной_кромки	Со_скосом_одной_кромки	ИП	5,5	6	1	1	30	2	0	1	1	0	0	0	Параметрический	Односторонний	8	2	0	0	1	1	0	0	Не_зависят
14771-76	С17	Стыковое	Со_скосом_одной_кромки	Со_скосом_одной_кромки	ИП	6	7	1	1	30	2	0	1	1	0	0	0	Параметрический	Односторонний	10	2	0	0	1	1	0	0	Не_зависят
14771-76	С17	Стыковое	Со_скосом_одной_кромки	Со_скосом_одной_кромки	ИП	7	8	1	1	20	2	0	1	1	0	0	0	Параметрический	Односторонний	12	2	0	0	1	1	0	0	Не_зависят
14771-76	С17	Стыковое	Со_скосом_одной_кромки	Со_скосом_одной_кромки	ИП	8	10	1	1	20	2	0	1	1	0	0	0	Параметрический	Односторонний	14	2	0	0	1	1	0	0	Не_зависят
14771-76	С15	Стыковое	С_двумя_симметричными_скосами	Без_скоса_стыковое	ИНп	6	9	1	1	50	2	0	1	1	0	0	0	Параметрический	Двухсторонний_симметричный	7	2	0	0	1	1	0	0	Не_зависят
14771-76	С15	Стыковое	С_двумя_симметричными_скосами	Без_скоса_стыковое	ИНп	9	12	1	1	50	2	0	1	1	0	0	0	Параметрический	Двухсторонний_симметричный	9	2	0	0	1	1	0	0	Не_зависят
14771-76	С15	Стыковое	С_двумя_симметричными_скосами	Без_скоса_стыковое	ИНп	12	16	1	1	50	2	0	1	1	0	0	0	Параметрический	Двухсторонний_симметричный	13	2	0	0	1	1	0	0	Не_зависят
14771-76	С15	Стыковое	С_двумя_симметричными_скосами	Без_скоса_стыковое	ИНп	16	20	1	1	50	2	0	1	1	0	0	0	Параметрический	Двухсторонний_симметричный	17	2	0	0	1	1	0	0	Не_зависят
14771-76	С15	Стыковое	С_двумя_симметричными_скосами	Без_скоса_стыковое	ИП	8	11	1	1	40	2	0	1	1	0	0	0	Параметрический	Двухсторонний_симметричный	8	2	0	0	1	1	0	0	Не_зависят
14771-76	С15	Стыковое	С_двумя_симметричными_скосами	Без_скоса_стыковое	ИП	11	14	1	1	40	2	0	1	1	0	0	0	Параметрический	Двухсторонний_симметричный	10	2	0	0	1	1	0	0	Не_зависят
14771-76	С15	Стыковое	С_двумя_симметричными_скосами	Без_скоса_стыковое	ИП	14	20	1	1	40	2	0	1	1	0	0	0	Параметрический	Двухсторонний_симметричный	12	2	0	0	1	1	0	0	Не_зависят
14771-76	С15	Стыковое	С_двумя_симметричными_скосами	Без_скоса_стыковое	ИП	20	26	2	+1;-2	40	2	0	2	+1;-2	0	0	0	Параметрический	Двухсторонний_симметричный	16	2	0	0	2	+1;-2	0	0	Не_зависят
14771-76	С15	Стыковое	С_двумя_симметричными_скосами	Без_скоса_стыковое	ИП	26	32	2	+1;-2	40	2	0	2	+1;-2	0	0	0	Параметрический	Двухсторонний_симметричный	18	2	0	0	2	+1;-2	0	0	Не_зависят
14771-76	С15	Стыковое	С_двумя_симметричными_скосами	Без_скоса_стыковое	ИП	32	38	2	+1;-2	40	2	0	2	+1;-2	0	0	0	Параметрический	Двухсторонний_симметричный	22	2	0	0	2	+1;-2	0	0	Не_зависят
14771-76	С15	Стыковое	С_двумя_симметричными_скосами	Без_скоса_стыковое	ИП	38	44	2	+1;-2	40	2	0	2	+1;-2	0	0	0	Параметрический	Двухсторонний_симметричный	26	2	0	0	2	+1;-2	0	0	Не_зависят
14771-76	С15	Стыковое	С_двумя_симметричными_скосами	Без_скоса_стыковое	ИП	44	50	2	+1;-2	40	2	0	2	+1;-2	0	0	0	Параметрический	Двухсторонний_симметричный	30	2	0	0	2	+1;-2	0	0	Не_зависят
14771-76	С15	Стыковое	С_двумя_симметричными_скосами	Без_скоса_стыковое	ИП	50	56	2	+1;-2	40	2	0	2	+1;-2	0	0	0	Параметрический	Двухсторонний_симметричный	34	3	0	0	2	+1;-2	0	0	Не_зависят
14771-76	С15	Стыковое	С_двумя_симметричными_скосами	Без_скоса_стыковое	ИП	56	62	2	+1;-2	40	2	0	2	+1;-2	0	0	0	Параметрический	Двухсторонний_симметричный	38	3	0	0	2	+1;-2	0	0	Не_зависят
14771-76	С15	Стыковое	С_двумя_симметричными_скосами	Без_скоса_стыковое	ИП	62	70	2	+1;-2	40	2	0	2	+1;-2	0	0	0	Параметрический	Двухсторонний_симметричный	42	3	0	0	2	+1;-2	0	0	Не_зависят
14771-76	С15	Стыковое	С_двумя_симметричными_скосами	Без_скоса_стыковое	ИП	70	80	2	+1;-2	40	2	0	2	+1;-2	0	0	0	Параметрический	Двухсторонний_симметричный	46	4	0	0	2	+1;-2	0	0	Не_зависят
14771-76	С15	Стыковое	С_двумя_симметричными_скосами	Без_скоса_стыковое	ИП	80	90	2	+1;-2	40	2	0	2	+1;-2	0	0	0	Параметрический	Двухсторонний_симметричный	50	4	0	0	2	+1;-2	0	0	Не_зависят
14771-76	С15	Стыковое	С_двумя_симметричными_скосами	Без_скоса_стыковое	ИП	90	100	2	+1;-2	40	2	0	2	+1;-2	0	0	0	Параметрический	Двухсторонний_симметричный	54	5	0	0	2	+1;-2	0	0	Не_зависят
14771-76	С15	Стыковое	С_двумя_симметричными_скосами	Без_скоса_стыковое	УП	8	11	1	1	40	2	0	1	1	0	0	0	Параметрический	Двухсторонний_симметричный	8	2	0	0	1	1	0	0	Не_зависят
14771-76	С15	Стыковое	С_двумя_симметричными_скосами	Без_скоса_стыковое	УП	11	14	1	1	40	2	0	1	1	0	0	0	Параметрический	Двухсторонний_симметричный	10	2	0	0	1	1	0	0	Не_зависят
14771-76	С15	Стыковое	С_двумя_симметричными_скосами	Без_скоса_стыковое	УП	14	20	1	1	40	2	0	1	1	0	0	0	Параметрический	Двухсторонний_симметричный	12	2	0	0	1	1	0	0	Не_зависят
14771-76	С15	Стыковое	С_двумя_симметричными_скосами	Без_скоса_стыковое	УП	20	26	2	+1;-2	40	2	0	2	+1;-2	0	0	0	Параметрический	Двухсторонний_симметричный	16	2	0	0	2	+1;-2	0	0	Не_зависят
14771-76	С15	Стыковое	С_двумя_симметричными_скосами	Без_скоса_стыковое	УП	26	32	2	+1;-2	40	2	0	2	+1;-2	0	0	0	Параметрический	Двухсторонний_симметричный	18	2	0	0	2	+1;-2	0	0	Не_зависят
14771-76	С15	Стыковое	С_двумя_симметричными_скосами	Без_скоса_стыковое	УП	32	38	2	+1;-2	40	2	0	2	+1;-2	0	0	0	Параметрический	Двухсторонний_симметричный	22	2	0	0	2	+1;-2	0	0	Не_зависят
14771-76	С15	Стыковое	С_двумя_симметричными_скосами	Без_скоса_стыковое	УП	38	44	2	+1;-2	40	2	0	2	+1;-2	0	0	0	Параметрический	Двухсторонний_симметричный	26	2	0	0	2	+1;-2	0	0	Не_зависят
14771-76	С15	Стыковое	С_двумя_симметричными_скосами	Без_скоса_стыковое	УП	44	50	2	+1;-2	40	2	0	2	+1;-2	0	0	0	Параметрический	Двухсторонний_симметричный	30	2	0	0	2	+1;-2	0	0	Не_зависят
14771-76	С15	Стыковое	С_двумя_симметричными_скосами	Без_скоса_стыковое	УП	50	56	2	+1;-2	40	2	0	2	+1;-2	0	0	0	Параметрический	Двухсторонний_симметричный	34	3	0	0	2	+1;-2	0	0	Не_зависят
14771-76	С15	Стыковое	С_двумя_симметричными_скосами	Без_скоса_стыковое	УП	56	62	2	+1;-2	40	2	0	2	+1;-2	0	0	0	Параметрический	Двухсторонний_симметричный	38	3	0	0	2	+1;-2	0	0	Не_зависят
14771-76	С15	Стыковое	С_двумя_симметричными_скосами	Без_скоса_стыковое	УП	62	70	2	+1;-2	40	2	0	2	+1;-2	0	0	0	Параметрический	Двухсторонний_симметричный	42	3	0	0	2	+1;-2	0	0	Не_зависят
14771-76	С15	Стыковое	С_двумя_симметричными_скосами	Без_скоса_стыковое	УП	70	80	2	+1;-2	40	2	0	2	+1;-2	0	0	0	Параметрический	Двухсторонний_симметричный	46	4	0	0	2	+1;-2	0	0	Не_зависят
14771-76	С15	Стыковое	С_двумя_симметричными_скосами	Без_скоса_стыковое	УП	80	90	2	+1;-2	40	2	0	2	+1;-2	0	0	0	Параметрический	Двухсторонний_симметричный	50	4	0	0	2	+1;-2	0	0	Не_зависят
14771-76	С15	Стыковое	С_двумя_симметричными_скосами	Без_скоса_стыковое	УП	90	100	2	+1;-2	40	2	0	2	+1;-2	0	0	0	Параметрический	Двухсторонний_симметричный	54	5	0	0	2	+1;-2	0	0	Не_зависят
14771-76	С10	Стыковое	Со_скосом_одной_кромки	Без_скоса_стыковое	ИНп	3	3,5	1	1	50	2	0	1	1	0	0	0	Параметрический	Односторонний_на_остающейся_подкладке	6	2	0	0	1	+0,5;-1	0	0	Не_зависят
14771-76	С10	Стыковое	Со_скосом_одной_кромки	Без_скоса_стыковое	ИНп	3,5	4,5	1	1	50	2	0	1	1	0	0	0	Параметрический	Односторонний_на_остающейся_подкладке	7	2	0	0	1	+0,5;-1	0	0	Не_зависят
14771-76	С10	Стыковое	Со_скосом_одной_кромки	Без_скоса_стыковое	ИНп	4,5	5,5	1	1	50	2	0	1	1	0	0	0	Параметрический	Односторонний_на_остающейся_подкладке	8	2	0	0	1	1	0	0	Не_зависят
14771-76	С10	Стыковое	Со_скосом_одной_кромки	Без_скоса_стыковое	ИНп	5,5	6	1	1	50	2	0	1	1	0	0	0	Параметрический	Односторонний_на_остающейся_подкладке	12	2	0	0	1	1	0	0	Не_зависят
14771-76	С10	Стыковое	Со_скосом_одной_кромки	Без_скоса_стыковое	ИНп	6	7	1	1	50	2	0	1	1	0	0	0	Параметрический	Односторонний_на_остающейся_подкладке	14	2	0	0	1	1	0	0	Не_зависят
14771-76	С10	Стыковое	Со_скосом_одной_кромки	Без_скоса_стыковое	ИНп	7	8	1	1	50	2	0	1	1	0	0	0	Параметрический	Односторонний_на_остающейся_подкладке	16	2	0	0	1	1	0	0	Не_зависят
14771-76	С10	Стыковое	Со_скосом_одной_кромки	Без_скоса_стыковое	ИНп	8	9	1	1	50	2	0	1	1	0	0	0	Параметрический	Односторонний_на_остающейся_подкладке	18	2	0	0	1	1	0	0	Не_зависят
14771-76	С10	Стыковое	Со_скосом_одной_кромки	Без_скоса_стыковое	ИНп	9	10	1	1	50	2	0	1	1	0	0	0	Параметрический	Односторонний_на_остающейся_подкладке	20	2	0	0	1	1	0	0	Не_зависят
14771-76	С10	Стыковое	Со_скосом_одной_кромки	Без_скоса_стыковое	УП	3	4	1	1	40	2	0	1	1	0	0	0	Параметрический	Односторонний_на_остающейся_подкладке	6	2	0	0	1	1	0	0	Не_зависят
14771-76	С10	Стыковое	Со_скосом_одной_кромки	Без_скоса_стыковое	УП	4	7	1	1	40	2	0	1	1	0	0	0	Параметрический	Односторонний_на_остающейся_подкладке	10	2	0	0	1	1	0	0	Не_зависят
14771-76	С10	Стыковое	Со_скосом_одной_кромки	Без_скоса_стыковое	УП	7	11	1	1	40	2	0	1	1	0	0	0	Параметрический	Односторонний_на_остающейся_подкладке	16	2	0	0	1	1	0	0	Не_зависят
14771-76	С10	Стыковое	Со_скосом_одной_кромки	Без_скоса_стыковое	УП	11	14	2	+1;-2	40	2	0	2	+1;-2	0	0	0	Параметрический	Односторонний_на_остающейся_подкладке	20	3	0	0	2	+1;-2	0	0	Не_зависят
14771-76	С10	Стыковое	Со_скосом_одной_кромки	Без_скоса_стыковое	УП	14	18	2	+1;-2	40	2	0	2	+1;-2	0	0	0	Параметрический	Односторонний_на_остающейся_подкладке	24	3	0	0	2	+1;-2	0	0	Не_зависят
14771-76	С10	Стыковое	Со_скосом_одной_кромки	Без_скоса_стыковое	УП	18	22	2	+1;-2	40	2	0	2	+1;-2	0	0	0	Параметрический	Односторонний_на_остающейся_подкладке	30	4	0	0	2	+1;-2	0	0	Не_зависят
14771-76	С10	Стыковое	Со_скосом_одной_кромки	Без_скоса_стыковое	УП	22	26	2	+1;-2	40	2	0	2	+1;-2	0	0	0	Параметрический	Односторонний_на_остающейся_подкладке	34	4	0	0	2	+1;-2	0	0	Не_зависят
14771-76	С10	Стыковое	Со_скосом_одной_кромки	Без_скоса_стыковое	УП	26	30	2	+1;-2	40	2	0	2	+1;-2	0	0	0	Параметрический	Односторонний_на_остающейся_подкладке	38	4	0	0	2	+1;-2	0	0	Не_зависят
14771-76	С10	Стыковое	Со_скосом_одной_кромки	Без_скоса_стыковое	УП	30	34	2	+1;-2	40	2	0	2	+1;-2	0	0	0	Параметрический	Односторонний_на_остающейся_подкладке	42	4	0	0	2	+1;-2	0	0	Не_зависят
14771-76	С10	Стыковое	Со_скосом_одной_кромки	Без_скоса_стыковое	УП	34	40	2	+1;-2	40	2	0	2	+1;-2	0	0	0	Параметрический	Односторонний_на_остающейся_подкладке	46	4	0	0	2	+1;-2	0	0	Не_зависят
14771-76	С10	Стыковое	Со_скосом_одной_кромки	Без_скоса_стыковое	УП	40	45	2	+1;-2	40	2	0	2	2	0	0	0	Параметрический	Односторонний_на_остающейся_подкладке	50	5	0	0	2,5	+1,5;-2	0	0	Не_зависят
14771-76	С10	Стыковое	Со_скосом_одной_кромки	Без_скоса_стыковое	УП	45	53	2	+1;-2	40	2	0	2	2	0	0	0	Параметрический	Односторонний_на_остающейся_подкладке	54	5	0	0	2,5	+1,5;-2	0	0	Не_зависят
14771-76	С10	Стыковое	Со_скосом_одной_кромки	Без_скоса_стыковое	УП	53	60	2	+1;-2	40	2	0	2	2	0	0	0	Параметрический	Односторонний_на_остающейся_подкладке	58	5	0	0	2,5	+1,5;-2	0	0	Не_зависят
14771-76	С10	Стыковое	Со_скосом_одной_кромки	Без_скоса_стыковое	ИП	3	3,5	1	1	50	2	0	1	1	0	0	0	Параметрический	Односторонний_на_остающейся_подкладке	6	2	0	0	1	+0,5;-1	0	0	Не_зависят
14771-76	С10	Стыковое	Со_скосом_одной_кромки	Без_скоса_стыковое	ИП	3,5	4,5	1	1	50	2	0	1	1	0	0	0	Параметрический	Односторонний_на_остающейся_подкладке	7	2	0	0	1	+0,5;-1	0	0	Не_зависят
14771-76	С10	Стыковое	Со_скосом_одной_кромки	Без_скоса_стыковое	ИП	4,5	5,5	1	1	50	2	0	1	1	0	0	0	Параметрический	Односторонний_на_остающейся_подкладке	8	2	0	0	1	1	0	0	Не_зависят
14771-76	С10	Стыковое	Со_скосом_одной_кромки	Без_скоса_стыковое	ИП	5,5	6	1	1	50	2	0	1	1	0	0	0	Параметрический	Односторонний_на_остающейся_подкладке	12	2	0	0	1	1	0	0	Не_зависят
14771-76	С10	Стыковое	Со_скосом_одной_кромки	Без_скоса_стыковое	ИП	6	7	1	1	50	2	0	1	1	0	0	0	Параметрический	Односторонний_на_остающейся_подкладке	14	2	0	0	1	1	0	0	Не_зависят
14771-76	С10	Стыковое	Со_скосом_одной_кромки	Без_скоса_стыковое	ИП	7	8	1	1	50	2	0	1	1	0	0	0	Параметрический	Односторонний_на_остающейся_подкладке	16	2	0	0	1	1	0	0	Не_зависят
14771-76	С10	Стыковое	Со_скосом_одной_кромки	Без_скоса_стыковое	ИП	8	9	1	1	50	2	0	1	1	0	0	0	Параметрический	Односторонний_на_остающейся_подкладке	18	2	0	0	1	1	0	0	Не_зависят
14771-76	С10	Стыковое	Со_скосом_одной_кромки	Без_скоса_стыковое	ИП	9	10	1	1	50	2	0	1	1	0	0	0	Параметрический	Односторонний_на_остающейся_подкладке	20	2	0	0	1	1	0	0	Не_зависят
14771-76	С9	Стыковое	Со_скосом_одной_кромки	Без_скоса_стыковое	ИНп	3	3,5	1	1	50	2	0	1	1	0	0	0	Параметрический	Односторонний_на_съемной_подкладке	6	2	4	2	1	+0,5;-1	1	1	Не_зависят
14771-76	С9	Стыковое	Со_скосом_одной_кромки	Без_скоса_стыковое	ИНп	3,5	4,5	1	1	50	2	0	1	1	0	0	0	Параметрический	Односторонний_на_съемной_подкладке	7	2	4	2	1	+0,5;-1	1	1	Не_зависят
14771-76	С9	Стыковое	Со_скосом_одной_кромки	Без_скоса_стыковое	ИНп	4,5	5,5	1	1	50	2	0	1	1	0	0	0	Параметрический	Односторонний_на_съемной_подкладке	8	2	4	2	1	1	1	1	Не_зависят
14771-76	С9	Стыковое	Со_скосом_одной_кромки	Без_скоса_стыковое	ИНп	5,5	6	1	1	50	2	0	1	1	0	0	0	Параметрический	Односторонний_на_съемной_подкладке	10	2	4	2	1	1	1,5	1	Не_зависят
14771-76	С9	Стыковое	Со_скосом_одной_кромки	Без_скоса_стыковое	ИНп	6	7	1	1	50	2	0	1	1	0	0	0	Параметрический	Односторонний_на_съемной_подкладке	14	2	4	2	1	1	1,5	1	Не_зависят
14771-76	С9	Стыковое	Со_скосом_одной_кромки	Без_скоса_стыковое	ИНп	7	8	1	1	50	2	0	1	1	0	0	0	Параметрический	Односторонний_на_съемной_подкладке	16	2	4	2	1	1	1,5	1	Не_зависят
14771-76	С9	Стыковое	Со_скосом_одной_кромки	Без_скоса_стыковое	ИНп	8	9	1	1	50	2	0	1	1	0	0	0	Параметрический	Односторонний_на_съемной_подкладке	18	2	4	2	1	1	1,5	1	Не_зависят
14771-76	С9	Стыковое	Со_скосом_одной_кромки	Без_скоса_стыковое	ИНп	9	10	1	1	50	2	0	1	1	0	0	0	Параметрический	Односторонний_на_съемной_подкладке	20	2	4	2	1	1	1,5	1	Не_зависят
14771-76	С9	Стыковое	Со_скосом_одной_кромки	Без_скоса_стыковое	УП	3	4,5	1	1	40	2	0	1	1	0	0	0	Параметрический	Односторонний_на_съемной_подкладке	6	2	4	2	1	1	1,5	1	Не_зависят
14771-76	С9	Стыковое	Со_скосом_одной_кромки	Без_скоса_стыковое	УП	4,5	7	1	1	40	2	0	1	1	0	0	0	Параметрический	Односторонний_на_съемной_подкладке	10	2	4	2	1	1	1,5	1	Не_зависят
14771-76	С9	Стыковое	Со_скосом_одной_кромки	Без_скоса_стыковое	УП	7	11	1	1	40	2	0	1	1	0	0	0	Параметрический	Односторонний_на_съемной_подкладке	16	2	4	2	1	1	1,5	1	Не_зависят
14771-76	С9	Стыковое	Со_скосом_одной_кромки	Без_скоса_стыковое	УП	11	14	2	+1;-2	40	2	0	2	+1;-2	0	0	0	Параметрический	Односторонний_на_съемной_подкладке	20	3	6	2	1	1	2	1	Не_зависят
14771-76	С9	Стыковое	Со_скосом_одной_кромки	Без_скоса_стыковое	УП	14	18	2	+1;-2	40	2	0	2	+1;-2	0	0	0	Параметрический	Односторонний_на_съемной_подкладке	24	3	6	2	2	+1;-2	2	1	Не_зависят
14771-76	С9	Стыковое	Со_скосом_одной_кромки	Без_скоса_стыковое	УП	18	22	2	+1;-2	40	2	0	2	+1;-2	0	0	0	Параметрический	Односторонний_на_съемной_подкладке	28	3	8	2	2	+1;-2	2	1	Не_зависят
14771-76	С9	Стыковое	Со_скосом_одной_кромки	Без_скоса_стыковое	УП	22	26	2	+1;-2	40	2	0	2	+1;-2	0	0	0	Параметрический	Односторонний_на_съемной_подкладке	32	4	8	2	2	+1;-2	2	1	Не_зависят
14771-76	С9	Стыковое	Со_скосом_одной_кромки	Без_скоса_стыковое	УП	26	30	2	+1;-2	40	2	0	2	+1;-2	0	0	0	Параметрический	Односторонний_на_съемной_подкладке	36	4	8	2	2	+1;-2	2	1	Не_зависят
14771-76	С9	Стыковое	Со_скосом_одной_кромки	Без_скоса_стыковое	УП	30	34	2	+1;-2	40	2	0	2	+1;-2	0	0	0	Параметрический	Односторонний_на_съемной_подкладке	40	4	8	2	2	+1;-2	2	1	Не_зависят
14771-76	С9	Стыковое	Со_скосом_одной_кромки	Без_скоса_стыковое	УП	34	40	2	+1;-2	40	2	0	2	+1;-2	0	0	0	Параметрический	Односторонний_на_съемной_подкладке	44	4	8	2	2	+1;-2	2	1	Не_зависят
14771-76	С9	Стыковое	Со_скосом_одной_кромки	Без_скоса_стыковое	УП	40	45	2	+1;-2	40	2	0	2	+1;-2	0	0	0	Параметрический	Односторонний_на_съемной_подкладке	48	5	8	2	2	+1;-2	2	1	Не_зависят
14771-76	С9	Стыковое	Со_скосом_одной_кромки	Без_скоса_стыковое	УП	45	53	2	+1;-2	40	2	0	2	+1;-2	0	0	0	Параметрический	Односторонний_на_съемной_подкладке	52	5	8	2	2	+1;-2	2	1	Не_зависят
14771-76	С9	Стыковое	Со_скосом_одной_кромки	Без_скоса_стыковое	УП	53	60	2	+1;-2	40	2	0	2	+1;-2	0	0	0	Параметрический	Односторонний_на_съемной_подкладке	56	5	8	2	2	+1;-2	2	1	Не_зависят
14771-76	С9	Стыковое	Со_скосом_одной_кромки	Без_скоса_стыковое	ИП	3	3,5	1	1	50	2	0	1	1	0	0	0	Параметрический	Односторонний_на_съемной_подкладке	6	2	4	2	1	+0,5;-1	1	1	Не_зависят
14771-76	С9	Стыковое	Со_скосом_одной_кромки	Без_скоса_стыковое	ИП	3,5	4,5	1	1	50	2	0	1	1	0	0	0	Параметрический	Односторонний_на_съемной_подкладке	7	2	4	2	1	+0,5;-1	1	1	Не_зависят
14771-76	С9	Стыковое	Со_скосом_одной_кромки	Без_скоса_стыковое	ИП	4,5	5,5	1	1	50	2	0	1	1	0	0	0	Параметрический	Односторонний_на_съемной_подкладке	8	2	4	2	1	1	1	1	Не_зависят
14771-76	С9	Стыковое	Со_скосом_одной_кромки	Без_скоса_стыковое	ИП	5,5	6	1	1	50	2	0	1	1	0	0	0	Параметрический	Односторонний_на_съемной_подкладке	10	2	4	2	1	1	1,5	1	Не_зависят
14771-76	С9	Стыковое	Со_скосом_одной_кромки	Без_скоса_стыковое	ИП	6	7	1	1	50	2	0	1	1	0	0	0	Параметрический	Односторонний_на_съемной_подкладке	14	2	4	2	1	1	1,5	1	Не_зависят
14771-76	С9	Стыковое	Со_скосом_одной_кромки	Без_скоса_стыковое	ИП	7	8	1	1	50	2	0	1	1	0	0	0	Параметрический	Односторонний_на_съемной_подкладке	16	2	4	2	1	1	1,5	1	Не_зависят
14771-76	С9	Стыковое	Со_скосом_одной_кромки	Без_скоса_стыковое	ИП	8	9	1	1	50	2	0	1	1	0	0	0	Параметрический	Односторонний_на_съемной_подкладке	18	2	4	2	1	1	1,5	1	Не_зависят
14771-76	С9	Стыковое	Со_скосом_одной_кромки	Без_скоса_стыковое	ИП	9	10	1	1	50	2	0	1	1	0	0	0	Параметрический	Односторонний_на_съемной_подкладке	20	2	4	2	1	1	1,5	1	Не_зависят
14771-76	С8	Стыковое	Со_скосом_одной_кромки	Без_скоса_стыковое	ИНп	3	3,5	1	1	50	2	0	1	1	0	0	0	Параметрический	Односторонний	6	2	0	0	1	+0,5;-1	0	0	Не_зависят
14771-76	С8	Стыковое	Со_скосом_одной_кромки	Без_скоса_стыковое	ИНп	3,5	4,5	1	1	50	2	0	1	1	0	0	0	Параметрический	Односторонний	7	2	0	0	1	+0,5;-1	0	0	Не_зависят
14771-76	С8	Стыковое	Со_скосом_одной_кромки	Без_скоса_стыковое	ИНп	4,5	5,5	1	1	50	2	0	1	1	0	0	0	Параметрический	Односторонний	8	2	0	0	1	1	0	0	Не_зависят
14771-76	С8	Стыковое	Со_скосом_одной_кромки	Без_скоса_стыковое	ИНп	5,5	6	1	1	50	2	0	1	1	0	0	0	Параметрический	Односторонний	10	2	0	0	1	1	0	0	Не_зависят
14771-76	С8	Стыковое	Со_скосом_одной_кромки	Без_скоса_стыковое	ИНп	6	7	1	1	50	2	0	1	1	0	0	0	Параметрический	Односторонний	14	2	0	0	1	1	0	0	Не_зависят
14771-76	С8	Стыковое	Со_скосом_одной_кромки	Без_скоса_стыковое	ИНп	7	8	1	1	50	2	0	1	1	0	0	0	Параметрический	Односторонний	16	2	0	0	1	1	0	0	Не_зависят
14771-76	С8	Стыковое	Со_скосом_одной_кромки	Без_скоса_стыковое	ИНп	8	9	1	1	50	2	0	1	1	0	0	0	Параметрический	Односторонний	18	2	0	0	1	1	0	0	Не_зависят
14771-76	С8	Стыковое	Со_скосом_одной_кромки	Без_скоса_стыковое	ИНп	9	10	1	1	50	2	0	1	1	0	0	0	Параметрический	Односторонний	20	2	0	0	1	1	0	0	Не_зависят
14771-76	С8	Стыковое	Со_скосом_одной_кромки	Без_скоса_стыковое	УП	3	4	1	1	40	2	0	1	1	0	0	0	Параметрический	Односторонний	6	2	0	0	1	1	0	0	Не_зависят
14771-76	С8	Стыковое	Со_скосом_одной_кромки	Без_скоса_стыковое	УП	4	7	1	1	40	2	0	1	1	0	0	0	Параметрический	Односторонний	8	2	0	0	1	1	0	0	Не_зависят
14771-76	С8	Стыковое	Со_скосом_одной_кромки	Без_скоса_стыковое	УП	7	11	1	1	40	2	0	1	1	0	0	0	Параметрический	Односторонний	14	2	0	0	1	1	0	0	Не_зависят
14771-76	С8	Стыковое	Со_скосом_одной_кромки	Без_скоса_стыковое	УП	11	14	2	+1;-2	40	2	0	2	+1;-2	0	0	0	Параметрический	Односторонний	18	3	0	0	2	+1;-2	0	0	Не_зависят
14771-76	С8	Стыковое	Со_скосом_одной_кромки	Без_скоса_стыковое	УП	14	18	2	+1;-2	40	2	0	2	+1;-2	0	0	0	Параметрический	Односторонний	22	3	0	0	2	+1;-2	0	0	Не_зависят
14771-76	С8	Стыковое	Со_скосом_одной_кромки	Без_скоса_стыковое	УП	18	22	2	+1;-2	40	2	0	2	+1;-2	0	0	0	Параметрический	Односторонний	26	3	0	0	2	+1;-2	0	0	Не_зависят
14771-76	С8	Стыковое	Со_скосом_одной_кромки	Без_скоса_стыковое	УП	22	26	2	+1;-2	40	2	0	2	+1;-2	0	0	0	Параметрический	Односторонний	30	4	0	0	2	+1;-2	0	0	Не_зависят
14771-76	С8	Стыковое	Со_скосом_одной_кромки	Без_скоса_стыковое	УП	26	30	2	+1;-2	40	2	0	2	+1;-2	0	0	0	Параметрический	Односторонний	34	4	0	0	2	+1;-2	0	0	Не_зависят
14771-76	С8	Стыковое	Со_скосом_одной_кромки	Без_скоса_стыковое	УП	30	34	2	+1;-2	40	2	0	2	+1;-2	0	0	0	Параметрический	Односторонний	38	4	0	0	2	+1;-2	0	0	Не_зависят
14771-76	С8	Стыковое	Со_скосом_одной_кромки	Без_скоса_стыковое	УП	34	40	2	+1;-2	40	2	0	2	+1;-2	0	0	0	Параметрический	Односторонний	42	4	0	0	2	+1;-2	0	0	Не_зависят
14771-76	С8	Стыковое	Со_скосом_одной_кромки	Без_скоса_стыковое	УП	40	45	2	+1;-2	40	2	0	2	+1;-2	0	0	0	Параметрический	Односторонний	46	5	0	0	2	+1;-2	0	0	Не_зависят
14771-76	С8	Стыковое	Со_скосом_одной_кромки	Без_скоса_стыковое	УП	45	53	2	+1;-2	40	2	0	2	+1;-2	0	0	0	Параметрический	Односторонний	50	5	0	0	2	+1;-2	0	0	Не_зависят
14771-76	С8	Стыковое	Со_скосом_одной_кромки	Без_скоса_стыковое	УП	53	60	2	+1;-2	40	2	0	2	+1;-2	0	0	0	Параметрический	Односторонний	54	5	0	0	2	+1;-2	0	0	Не_зависят
14771-76	С8	Стыковое	Со_скосом_одной_кромки	Без_скоса_стыковое	ИП	3	3,5	1	1	50	2	0	1	1	0	0	0	Параметрический	Односторонний	6	2	0	0	1	+0,5;-1	0	0	Не_зависят
14771-76	С8	Стыковое	Со_скосом_одной_кромки	Без_скоса_стыковое	ИП	3,5	4,5	1	1	50	2	0	1	1	0	0	0	Параметрический	Односторонний	7	2	0	0	1	+0,5;-1	0	0	Не_зависят
14771-76	С8	Стыковое	Со_скосом_одной_кромки	Без_скоса_стыковое	ИП	4,5	5,5	1	1	50	2	0	1	1	0	0	0	Параметрический	Односторонний	8	2	0	0	1	1	0	0	Не_зависят
14771-76	С8	Стыковое	Со_скосом_одной_кромки	Без_скоса_стыковое	ИП	5,5	6	1	1	50	2	0	1	1	0	0	0	Параметрический	Односторонний	10	2	0	0	1	1	0	0	Не_зависят
14771-76	С8	Стыковое	Со_скосом_одной_кромки	Без_скоса_стыковое	ИП	6	7	1	1	50	2	0	1	1	0	0	0	Параметрический	Односторонний	14	2	0	0	1	1	0	0	Не_зависят
14771-76	С8	Стыковое	Со_скосом_одной_кромки	Без_скоса_стыковое	ИП	7	8	1	1	50	2	0	1	1	0	0	0	Параметрический	Односторонний	16	2	0	0	1	1	0	0	Не_зависят
14771-76	С8	Стыковое	Со_скосом_одной_кромки	Без_скоса_стыковое	ИП	8	9	1	1	50	2	0	1	1	0	0	0	Параметрический	Односторонний	18	2	0	0	1	1	0	0	Не_зависят
14771-76	С8	Стыковое	Со_скосом_одной_кромки	Без_скоса_стыковое	ИП	9	10	1	1	50	2	0	1	1	0	0	0	Параметрический	Односторонний	20	2	0	0	1	1	0	0	Не_зависят
14771-76	С7	Стыковое	Без_скоса_стыковое	Без_скоса_стыковое	ИН	3	4	0	0	0	0	0	0	+0,5;0	0	0	0	Параметрический	Двухсторонний_симметричный	9	1	0	0	0	0,2	0	0	Не_зависят
14771-76	С7	Стыковое	Без_скоса_стыковое	Без_скоса_стыковое	ИН	4	6	0	0	0	0	0	0	+1;0	0	0	0	Параметрический	Двухсторонний_симметричный	10	1	0	0	0	0,2	0	0	Не_зависят
14771-76	С7	Стыковое	Без_скоса_стыковое	Без_скоса_стыковое	ИНп	3	4	0	0	0	0	0	0	+1;0	0	0	0	Параметрический	Двухсторонний_симметричный	9	1	0	0	1	+0,5;-1	0	0	Не_зависят
14771-76	С7	Стыковое	Без_скоса_стыковое	Без_скоса_стыковое	ИНп	4	6	0	0	0	0	0	0	+2;0	0	0	0	Параметрический	Двухсторонний_симметричный	10	1	0	0	1	+0,5;-1	0	0	Не_зависят
14771-76	С7	Стыковое	Без_скоса_стыковое	Без_скоса_стыковое	ИП	3	4	0	0	0	0	0	0	+1;0	0	0	0	Параметрический	Двухсторонний_симметричный	9	1	0	0	1	1	0	0	Не_зависят
14771-76	С7	Стыковое	Без_скоса_стыковое	Без_скоса_стыковое	ИП	4	6	0	0	0	0	0	0	+2;0	0	0	0	Параметрический	Двухсторонний_симметричный	10	1	0	0	1	1	0	0	Не_зависят
14771-76	С7	Стыковое	Без_скоса_стыковое	Без_скоса_стыковое	УП	3	4	0	0	0	0	0	0	+0,5;0	0	0	0	Параметрический	Двухсторонний_симметричный	8	1	0	0	1,5	1	0	0	Не_зависят
14771-76	С7	Стыковое	Без_скоса_стыковое	Без_скоса_стыковое	УП	4	6	0	0	0	0	0	0	+1;0	0	0	0	Параметрический	Двухсторонний_симметричный	9	1	0	0	2	1,5	0	0	Не_зависят
14771-76	С7	Стыковое	Без_скоса_стыковое	Без_скоса_стыковое	УП	6	8	0	0	0	0	0	1,5	1	0	0	0	Параметрический	Двухсторонний_симметричный	10	1	0	0	2	1,5	0	0	Не_зависят
14771-76	С7	Стыковое	Без_скоса_стыковое	Без_скоса_стыковое	УП	8	10	0	0	0	0	0	1,5	1	0	0	0	Параметрический	Двухсторонний_симметричный	12	1	0	0	2	1,5	0	0	Не_зависят
14771-76	С7	Стыковое	Без_скоса_стыковое	Без_скоса_стыковое	УП	10	12	0	0	0	0	0	2	1	0	0	0	Параметрический	Двухсторонний_симметричный	14	1	0	0	2	1,5	0	0	Не_зависят
14771-76	С5	Стыковое	Без_скоса_стыковое	Без_скоса_стыковое	ИН	0,5	0,9	0	0	0	0	0	0	+0,1;0	0	0	0	Параметрический	Односторонний_на_остающейся_подкладке	6	1	0	0	0	0,1	0	0	Не_зависят
14771-76	С5	Стыковое	Без_скоса_стыковое	Без_скоса_стыковое	ИН	0,9	1,5	0	0	0	0	0	0	+0,2;0	0	0	0	Параметрический	Односторонний_на_остающейся_подкладке	7	1	0	0	0	0,2	0	0	Не_зависят
14771-76	С5	Стыковое	Без_скоса_стыковое	Без_скоса_стыковое	ИН	1,5	2,2	0	0	0	0	0	0	+0,3;0	0	0	0	Параметрический	Односторонний_на_остающейся_подкладке	8	1	0	0	0	0,2	0	0	Не_зависят
14771-76	С5	Стыковое	Без_скоса_стыковое	Без_скоса_стыковое	ИН	2,2	4	0	0	0	0	0	0	+0,3;0	0	0	0	Параметрический	Односторонний_на_остающейся_подкладке	10	1	0	0	0	0,2	0	0	Не_зависят
14771-76	С5	Стыковое	Без_скоса_стыковое	Без_скоса_стыковое	ИНп	0,8	1,5	0	0	0	0	0	0	+0,5;0	0	0	0	Параметрический	Односторонний_на_остающейся_подкладке	7	1	0	0	0,5	+0,5;-0,2	0	0	Не_зависят
14771-76	С5	Стыковое	Без_скоса_стыковое	Без_скоса_стыковое	ИНп	1,5	2,2	0	0	0	0	0	0	+1;0	0	0	0	Параметрический	Односторонний_на_остающейся_подкладке	8	1	0	0	0,5	+0,5;-0,2	0	0	Не_зависят
14771-76	С5	Стыковое	Без_скоса_стыковое	Без_скоса_стыковое	ИНп	2,2	6	0	0	0	0	0	0	+1;0	0	0	0	Параметрический	Односторонний_на_остающейся_подкладке	12	1	0	0	1	0,5	0	0	Не_зависят
14771-76	С5	Стыковое	Без_скоса_стыковое	Без_скоса_стыковое	ИП	0,8	1,4	0	0	0	0	0	0	+1;0	0	0	0	Параметрический	Односторонний_на_остающейся_подкладке	7	1	0	0	0,5	+0,5;-0,2	0	0	Не_зависят
14771-76	С5	Стыковое	Без_скоса_стыковое	Без_скоса_стыковое	ИП	1,4	2,8	0	0	0	0	0	0	+1,5;0	0	0	0	Параметрический	Односторонний_на_остающейся_подкладке	8	1	0	0	1	+1;-0,5	0	0	Не_зависят
14771-76	С5	Стыковое	Без_скоса_стыковое	Без_скоса_стыковое	ИП	2,8	6	0	0	0	0	0	0	+2;0	0	0	0	Параметрический	Односторонний_на_остающейся_подкладке	12	1	0	0	1,5	+1;-0,5	0	0	Не_зависят
14771-76	С5	Стыковое	Без_скоса_стыковое	Без_скоса_стыковое	УП	0,8	1,4	0	0	0	0	0	0	+1,5;0	0	0	0	Параметрический	Односторонний_на_остающейся_подкладке	6	1	0	0	1	+1;-0,5	0	0	Не_зависят
14771-76	С5	Стыковое	Без_скоса_стыковое	Без_скоса_стыковое	УП	1,4	2,8	0	0	0	0	0	0	+2;0	0	0	0	Параметрический	Односторонний_на_остающейся_подкладке	7	1	0	0	1	+1;-0,5	0	0	Не_зависят
14771-76	С5	Стыковое	Без_скоса_стыковое	Без_скоса_стыковое	УП	2,8	4	0	0	0	0	0	0	+2;0	0	0	0	Параметрический	Односторонний_на_остающейся_подкладке	8	1	0	0	1,5	+1;-0,5	0	0	Не_зависят
14771-76	С5	Стыковое	Без_скоса_стыковое	Без_скоса_стыковое	УП	4	6	0	0	0	0	0	2	+2;0	0	0	0	Параметрический	Односторонний_на_остающейся_подкладке	9	1	0	0	1,5	+1;-0,5	0	0	Не_зависят
14771-76	С5	Стыковое	Без_скоса_стыковое	Без_скоса_стыковое	УП	6	8	0	0	0	0	0	2	+2;0	0	0	0	Параметрический	Односторонний_на_остающейся_подкладке	12	1	0	0	2	1	0	0	Не_зависят
14771-76	С4	Стыковое	Без_скоса_стыковое	Без_скоса_стыковое	ИН	0,5	0,9	0	0	0	0	0	0	+0,1;0	0	0	0	Параметрический	Односторонний_на_съемной_подкладке	6	1	2	1	0	0,1	0	+0,2;0	Не_зависят
14771-76	С4	Стыковое	Без_скоса_стыковое	Без_скоса_стыковое	ИН	0,9	1,5	0	0	0	0	0	0	+0,2;0	0	0	0	Параметрический	Односторонний_на_съемной_подкладке	7	1	4	2	0	+0,2;-0,3	0	+0,5;0	Не_зависят
14771-76	С4	Стыковое	Без_скоса_стыковое	Без_скоса_стыковое	ИН	1,5	2,2	0	0	0	0	0	0	+0,3;0	0	0	0	Параметрический	Односторонний_на_съемной_подкладке	8	1	4	2	0	+0,2;-0,5	0	1	Не_зависят
14771-76	С4	Стыковое	Без_скоса_стыковое	Без_скоса_стыковое	ИН	2,2	4	0	0	0	0	0	0	+0,3;0	0	0	0	Параметрический	Односторонний_на_съемной_подкладке	9	1	4	2	0	+0,3;-1	0	1	Не_зависят
14771-76	С4	Стыковое	Без_скоса_стыковое	Без_скоса_стыковое	ИНп	0,8	1,4	0	0	0	0	0	0	+0,5;0	0	0	0	Параметрический	Односторонний_на_съемной_подкладке	7	1	4	2	0,5	+0,5;-0,2	0	+0,5;0	Не_зависят
14771-76	С4	Стыковое	Без_скоса_стыковое	Без_скоса_стыковое	ИНп	1,4	2,2	0	0	0	0	0	0	+1;0	0	0	0	Параметрический	Односторонний_на_съемной_подкладке	8	1	4	2	0,5	+0,5;-0,2	0,5	0,5	Не_зависят
14771-76	С4	Стыковое	Без_скоса_стыковое	Без_скоса_стыковое	ИНп	2,2	6	0	0	0	0	0	0	+1;0	0	0	0	Параметрический	Односторонний_на_съемной_подкладке	12	1	4	2	1	0,5	0,5	0,5	Не_зависят
14771-76	С4	Стыковое	Без_скоса_стыковое	Без_скоса_стыковое	ИП	0,8	1,4	0	0	0	0	0	0	+1;0	0	0	0	Параметрический	Односторонний_на_съемной_подкладке	7	1	4	2	0,5	+0,5;-0,2	0	+0,5;0	Не_зависят
14771-76	С4	Стыковое	Без_скоса_стыковое	Без_скоса_стыковое	ИП	1,4	2,8	0	0	0	0	0	0	+1,5;0	0	0	0	Параметрический	Односторонний_на_съемной_подкладке	8	1	4	2	1	+1;-0,5	0	+0,5;0	Не_зависят
14771-76	С4	Стыковое	Без_скоса_стыковое	Без_скоса_стыковое	ИП	2,8	6	0	0	0	0	0	0	+2;0	0	0	0	Параметрический	Односторонний_на_съемной_подкладке	12	1	6	2	1,5	+1;-0,5	0,5	0,5	Не_зависят
14771-76	С4	Стыковое	Без_скоса_стыковое	Без_скоса_стыковое	УП	0,8	1,4	0	0	0	0	0	0	+1,5;0	0	0	0	Параметрический	Односторонний_на_съемной_подкладке	6	1	6	2	1	+1;-0,5	1	+1;-0,5	Не_зависят
14771-76	С4	Стыковое	Без_скоса_стыковое	Без_скоса_стыковое	УП	1,4	2,8	0	0	0	0	0	0	+1,5;0	0	0	0	Параметрический	Односторонний_на_съемной_подкладке	7	1	6	2	1	+1;-0,5	1	+1;-0,5	Не_зависят
14771-76	С4	Стыковое	Без_скоса_стыковое	Без_скоса_стыковое	УП	2,8	4	0	0	0	0	0	0	+2;0	0	0	0	Параметрический	Односторонний_на_съемной_подкладке	8	1	6	2	1,5	+1;-0,5	1	+1;-0,5	Не_зависят
14771-76	С4	Стыковое	Без_скоса_стыковое	Без_скоса_стыковое	УП	4	6	0	0	0	0	0	2	+2;0	0	0	0	Параметрический	Односторонний_на_съемной_подкладке	9	1	6	2	1,5	+1;-0,5	1,5	1	Не_зависят
14771-76	С4	Стыковое	Без_скоса_стыковое	Без_скоса_стыковое	УП	6	8	0	0	0	0	0	2	+2;0	0	0	0	Параметрический	Односторонний_на_съемной_подкладке	12	1	6	2	2	1	1,5	1	Не_зависят
14771-76	С2	Стыковое	Без_скоса_стыковое	Без_скоса_стыковое	ИН	0,5	0,9	0	0	0	0	0	0	+0,1;0	0	0	0	Параметрический	Односторонний	6	1	0	0	0	0,1	0	+0,1;0	Не_зависят
14771-76	С2	Стыковое	Без_скоса_стыковое	Без_скоса_стыковое	ИН	0,9	1,4	0	0	0	0	0	0	+0,2;0	0	0	0	Параметрический	Односторонний	7	1	0	0	0	0,3	0	+0,5;0	Не_зависят
14771-76	С2	Стыковое	Без_скоса_стыковое	Без_скоса_стыковое	ИН	1,4	1,9	0	0	0	0	0	0	+0,2;0	0	0	0	Параметрический	Односторонний	7	1	0	0	0	0,5	0	+0,5;0	Не_зависят
14771-76	С2	Стыковое	Без_скоса_стыковое	Без_скоса_стыковое	ИН	1,9	2,8	0	0	0	0	0	0	+0,3;0	0	0	0	Параметрический	Односторонний	8	1	0	0	0	0,5	0	+1;0	Не_зависят
14771-76	С2	Стыковое	Без_скоса_стыковое	Без_скоса_стыковое	ИН	2,8	4	0	0	0	0	0	0	+0,3;0	0	0	0	Параметрический	Односторонний	9	1	0	0	0	1	0	+1;0	Не_зависят
14771-76	С2	Стыковое	Без_скоса_стыковое	Без_скоса_стыковое	ИНп	0,8	1,2	0	0	0	0	0	0	+1;0	0	0	0	Параметрический	Односторонний	7	1	0	0	1	0,5	1	+1;-0,5	Не_зависят
14771-76	С2	Стыковое	Без_скоса_стыковое	Без_скоса_стыковое	ИНп	1,2	2	0	0	0	0	0	0	+1;0	0	0	0	Параметрический	Односторонний	7	1	0	0	1	0,5	1	+1;-0,5	Не_зависят
14771-76	С2	Стыковое	Без_скоса_стыковое	Без_скоса_стыковое	ИНп	2	4	0	0	0	0	0	0	+1,5;0	0	0	0	Параметрический	Односторонний	8	1	0	0	1,5	0,5	1,5	1	Не_зависят
14771-76	С2	Стыковое	Без_скоса_стыковое	Без_скоса_стыковое	ИНп	4	6	0	0	0	0	0	0	+2;0	0	0	0	Параметрический	Односторонний	12	1	0	0	1,5	0,5	1,5	1	Не_зависят
14771-76	С2	Стыковое	Без_скоса_стыковое	Без_скоса_стыковое	ИП	0,8	1,2	0	0	0	0	0	0	+1;0	0	0	0	Параметрический	Односторонний	7	1	0	0	1	0,5	1	+1;-0,5	Не_зависят
14771-76	С2	Стыковое	Без_скоса_стыковое	Без_скоса_стыковое	ИП	1,2	2	0	0	0	0	0	0	+1;0	0	0	0	Параметрический	Односторонний	7	1	0	0	1	0,5	1	+1;-0,5	Не_зависят
14771-76	С2	Стыковое	Без_скоса_стыковое	Без_скоса_стыковое	ИП	2	4	0	0	0	0	0	0	+1,5;0	0	0	0	Параметрический	Односторонний	8	1	0	0	1,5	0,5	1,5	1	Не_зависят
14771-76	С2	Стыковое	Без_скоса_стыковое	Без_скоса_стыковое	ИП	4	6	0	0	0	0	0	0	+2;0	0	0	0	Параметрический	Односторонний	12	1	0	0	1,5	0,5	1,5	1	Не_зависят
14771-76	С2	Стыковое	Без_скоса_стыковое	Без_скоса_стыковое	УП	0,8	1,2	0	0	0	0	0	0	+1;0	0	0	0	Параметрический	Односторонний	7	1	0	0	1	0,5	1	+1;-0,5	Не_зависят
14771-76	С2	Стыковое	Без_скоса_стыковое	Без_скоса_стыковое	УП	1,2	2	0	0	0	0	0	0	+1;0	0	0	0	Параметрический	Односторонний	7	1	0	0	1	0,5	1	+1;-0,5	Не_зависят
14771-76	С2	Стыковое	Без_скоса_стыковое	Без_скоса_стыковое	УП	2	4	0	0	0	0	0	0	+1,5;0	0	0	0	Параметрический	Односторонний	8	1	0	0	1,5	0,5	1,5	1	Не_зависят
14771-76	С2	Стыковое	Без_скоса_стыковое	Без_скоса_стыковое	УП	4	6	0	0	0	0	0	0	+2;0	0	0	0	Параметрический	Односторонний	12	1	0	0	1,5	0,5	1,5	1	Не_зависят
5264-80	С25	Стыковое	С_двумя_симметричными_скосами	С_двумя_симметричными_скосами	Р	8	11	1	1	25	2	0	2	+1;-2	0	0	0	Параметрический	Двухсторонний_симметричный	10	2	0	0	0,5	+1,5;-0,5	0	0	Не_зависят
5264-80	С25	Стыковое	С_двумя_симметричными_скосами	С_двумя_симметричными_скосами	Р	11	14	1	1	25	2	0	2	+1;-2	0	0	0	Параметрический	Двухсторонний_симметричный	12	2	0	0	0,5	+1,5;-0,5	0	0	Не_зависят
5264-80	С25	Стыковое	С_двумя_симметричными_скосами	С_двумя_симметричными_скосами	Р	14	17	1	1	25	2	0	2	+1;-2	0	0	0	Параметрический	Двухсторонний_симметричный	14	3	0	0	0,5	+2;-0,5	0	0	Не_зависят
5264-80	С25	Стыковое	С_двумя_симметричными_скосами	С_двумя_симметричными_скосами	Р	17	20	1	1	25	2	0	2	+1;-2	0	0	0	Параметрический	Двухсторонний_симметричный	16	3	0	0	0,5	+2;-0,5	0	0	Не_зависят
5264-80	С25	Стыковое	С_двумя_симметричными_скосами	С_двумя_симметричными_скосами	Р	20	24	1	1	25	2	0	2	+1;-2	0	0	0	Параметрический	Двухсторонний_симметричный	18	3	0	0	0,5	+2;-0,5	0	0	Не_зависят
5264-80	С25	Стыковое	С_двумя_симметричными_скосами	С_двумя_симметричными_скосами	Р	24	28	1	1	25	2	0	2	+1;-2	0	0	0	Параметрический	Двухсторонний_симметричный	20	3	0	0	0,5	+2;-0,5	0	0	Не_зависят
5264-80	С25	Стыковое	С_двумя_симметричными_скосами	С_двумя_симметричными_скосами	Р	28	32	1	1	25	2	0	2	+1;-2	0	0	0	Параметрический	Двухсторонний_симметричный	22	3	0	0	0,5	+2;-0,5	0	0	Не_зависят
5264-80	С25	Стыковое	С_двумя_симметричными_скосами	С_двумя_симметричными_скосами	Р	32	36	1	1	25	2	0	2	+1;-2	0	0	0	Параметрический	Двухсторонний_симметричный	24	3	0	0	0,5	+2;-0,5	0	0	Не_зависят
5264-80	С25	Стыковое	С_двумя_симметричными_скосами	С_двумя_симметричными_скосами	Р	36	40	1	1	25	2	0	2	+1;-2	0	0	0	Параметрический	Двухсторонний_симметричный	26	3	0	0	0,5	+2;-0,5	0	0	Не_зависят
5264-80	С25	Стыковое	С_двумя_симметричными_скосами	С_двумя_симметричными_скосами	Р	40	44	1	1	25	2	0	2	+1;-2	0	0	0	Параметрический	Двухсторонний_симметричный	28	3	0	0	0,5	+2;-0,5	0	0	Не_зависят
5264-80	С25	Стыковое	С_двумя_симметричными_скосами	С_двумя_симметричными_скосами	Р	44	48	1	1	25	2	0	2	+1;-2	0	0	0	Параметрический	Двухсторонний_симметричный	30	3	0	0	0,5	+2;-0,5	0	0	Не_зависят
5264-80	С25	Стыковое	С_двумя_симметричными_скосами	С_двумя_симметричными_скосами	Р	48	52	1	1	25	2	0	2	+1;-2	0	0	0	Параметрический	Двухсторонний_симметричный	32	3	0	0	0,5	+2;-0,5	0	0	Не_зависят
5264-80	С25	Стыковое	С_двумя_симметричными_скосами	С_двумя_симметричными_скосами	Р	52	56	1	1	25	2	0	2	+1;-2	0	0	0	Параметрический	Двухсторонний_симметричный	34	3	0	0	0,5	+2;-0,5	0	0	Не_зависят
5264-80	С25	Стыковое	С_двумя_симметричными_скосами	С_двумя_симметричными_скосами	Р	56	60	1	1	25	2	0	2	+1;-2	0	0	0	Параметрический	Двухсторонний_симметричный	36	3	0	0	0,5	+2;-0,5	0	0	Не_зависят
5264-80	С25	Стыковое	С_двумя_симметричными_скосами	С_двумя_симметричными_скосами	Р	60	64	1	1	25	2	0	2	+1;-2	0	0	0	Параметрический	Двухсторонний_симметричный	39	4	0	0	0,5	+3;-0,5	0	0	Не_зависят
5264-80	С25	Стыковое	С_двумя_симметричными_скосами	С_двумя_симметричными_скосами	Р	64	70	1	1	25	2	0	2	+1;-2	0	0	0	Параметрический	Двухсторонний_симметричный	42	4	0	0	0,5	+3;-0,5	0	0	Не_зависят
5264-80	С25	Стыковое	С_двумя_симметричными_скосами	С_двумя_симметричными_скосами	Р	70	76	1	1	25	2	0	2	+1;-2	0	0	0	Параметрический	Двухсторонний_симметричный	45	4	0	0	0,5	+3;-0,5	0	0	Не_зависят
5264-80	С25	Стыковое	С_двумя_симметричными_скосами	С_двумя_симметричными_скосами	Р	76	82	1	1	25	2	0	2	+1;-2	0	0	0	Параметрический	Двухсторонний_симметричный	48	4	0	0	0,5	+3;-0,5	0	0	Не_зависят
5264-80	С25	Стыковое	С_двумя_симметричными_скосами	С_двумя_симметричными_скосами	Р	82	88	1	1	25	2	0	2	+1;-2	0	0	0	Параметрический	Двухсторонний_симметричный	51	4	0	0	0,5	+3;-0,5	0	0	Не_зависят
5264-80	С25	Стыковое	С_двумя_симметричными_скосами	С_двумя_симметричными_скосами	Р	88	94	1	1	25	2	0	2	+1;-2	0	0	0	Параметрический	Двухсторонний_симметричный	54	4	0	0	0,5	+3;-0,5	0	0	Не_зависят
5264-80	С25	Стыковое	С_двумя_симметричными_скосами	С_двумя_симметричными_скосами	Р	94	100	1	1	25	2	0	2	+1;-2	0	0	0	Параметрический	Двухсторонний_симметричный	57	4	0	0	0,5	+3;-0,5	0	0	Не_зависят
5264-80	С25	Стыковое	С_двумя_симметричными_скосами	С_двумя_симметричными_скосами	Р	100	106	1	1	25	2	0	2	+1;-2	0	0	0	Параметрический	Двухсторонний_симметричный	60	4	0	0	0,5	+3;-0,5	0	0	Не_зависят
5264-80	С25	Стыковое	С_двумя_симметричными_скосами	С_двумя_симметричными_скосами	Р	106	112	1	1	25	2	0	2	+1;-2	0	0	0	Параметрический	Двухсторонний_симметричный	63	4	0	0	0,5	+3;-0,5	0	0	Не_зависят
5264-80	С25	Стыковое	С_двумя_симметричными_скосами	С_двумя_симметричными_скосами	Р	112	118	1	1	25	2	0	2	+1;-2	0	0	0	Параметрический	Двухсторонний_симметричный	66	4	0	0	0,5	+3;-0,5	0	0	Не_зависят
5264-80	С25	Стыковое	С_двумя_симметричными_скосами	С_двумя_симметричными_скосами	Р	118	120	1	1	25	2	0	2	+1;-2	0	0	0	Параметрический	Двухсторонний_симметричный	68	4	0	0	0,5	+3;-0,5	0	0	Не_зависят
